qstr_Next_Page|Próxima página
qstr_Game_Rules:^|Regras do jogo:^
qstr_0|0
qstr_Lv._{reg0}|Nv. {reg0}
qstr_Show_game_rules|Mostrar regras do jogo
qstr_Continue...|Continuar...
qstr_Candidate_#1:_{s1}|Candidato #1: {s1}
qstr_Candidate_#2:_{s1}|Candidato #2: {s1}
qstr_{s3}_of_{s4}_wishes_|{s3} de {s4} deseja selecionar um novo general e convida seus vassalos para um conselho. {s1} e {s2} são os prováveis candidatos.
qstr_Who_do_you_wish_to_s|Quem você gostaria de apoiar?
qstr_{s1}_gives_his_suppo|{s1} dá seu apoio para {s2}.
qstr_Number_of_Supporters|Número de apoiadores: {reg0}
qstr_{s2}_has_heard_his_v|{s2} ouviu o conselho dos seus vassalos. Ele seleciona {s1} como general de {s3}.
qstr_Action|Ação
qstr_Mount|Montar
qstr_Attack_Type|Tipo de Ataque
qstr_Stand_Ground|Manter a posição
qstr_Charge|Carga
qstr_Follow_Me|Sigam-me
qstr_Hold_This_Position|Mantenham essa posição
qstr_Spread_Out|Espalhem-se
qstr_Stand_Closer|Fiquem próximos
qstr_Fall_Back|Recuar
qstr_Advance|Avançar
qstr_Dismount|Desmontar
qstr_Fire_At_Will|Atirar a Vontade
qstr_Hold_Your_Fire|Cessar Fogo
qstr_Use_Blunt_Weapons|Usar Armas Contundentes
qstr_Use_Any_Weapon|Usar Qualquer Arma
qstr_Ready|Prontos
qstr_Wounded|Feridos
qstr_Dead|Mortos
qstr_Number_of_men_knocke|Número de Homens Derrotados: {reg1}
qstr_Number_of_men_left:_|Número de Homens Restantes: {reg1}
qstr_Opponents_Beaten:_{r|Inimigos Derrotados: {reg1}
qstr_Opponents_Remaining:|Inimigos Restantes: {reg1}
qstr_Remain_in_retirement|Continuar aposentad{o/a}.
qstr_Go_back_to_the_adven|Voltar a aventurar-se.
qstr_You_have_retired_at_|Você se aposentou no nível {reg4} aos seus {reg5} dias de aventura.
qstr_Effect_on_Score|Efeito no Escore
qstr_Settlements_owned_by|Assentamentos possuídos por você: {reg0}
qstr_Friendly_Settlements|Assentamentos Aliados: {reg0}
qstr_Hostile_Settlements:|Assentamentos inimigos: {reg0}
qstr_Friendly_Lords:_{reg|Lordes Aliados: {reg0}
qstr_Enemy_Lords:_{reg0}|Lordes Inimigos: {reg0}
qstr_Victories:_{reg0}|Vitórias: {reg0}
qstr_Defeats:_{reg0}|Derrotas: {reg0}
qstr_Quests_Completed:_{r|Missões Concluídas: {reg0}
qstr_Companions_Found:_{r|Companheiros Encontrados: {reg0}
qstr_Companions_Lost/Depa|Companheiros Perdidos: {reg0}
qstr_Wealth:_{reg0}_denar|Riqueza: {reg0} dinares
qstr_Inventory:_{reg0}_de|Inventário: {reg0} dinares
qstr_Renown:_{reg0}|Renome: {reg0}
qstr_Experience:_{reg0}|Experiência: {reg0}
qstr_Days_Passed:_{reg0}|Dias Passados: {reg0}
qstr_Difficulty:_{reg0}%|Dificuldade: {reg0}%
qstr_TOTAL_SCORE:_{reg0}|ESCORE TOTAL: {reg0}
qstr_None|Nenhum
qstr_{s1}_of_{s3}_was_def|{s1} de {s3} foi derrotado em batalha mas conseguiu escapar.
qstr_{s54}_is_a_claimant_|{s54} é um pretendente ao trono de {s56}.
qstr_nowhere|lugar algum
qstr_{s57}_and_{s58}|{s57} e {s58}
qstr_{reg3?She:He}|{reg3?Ela:Ele}
qstr_The_town_of_{s50}|A cidade de {50}
qstr_The_village_of_{s50}|A vila de {s50} perto de {s52}
qstr_{s51}_belongs_to_{s1|{s51} pertence a {s1} de {s2}.^
qstr_{s7}_and_{s8}|{s7} e {s8}
qstr_{s2}It_has_no_villag|{s2}Ela não possui vilas.^
qstr_{s2}{reg0?Its_villag|{s2}{reg0?Suas vilas são:Sua vila é} {s8}.^
qstr_{s2}Its_prosperity_i|{s2}Sua prosperidade é: {s50}
qstr_noone|nenhuma
qstr_{s9}_and_{s10}|{s9} e {s10}
qstr_{s5}_has_been_defeat|{s5} foi derrotado!
qstr_{s7}_opened_the_gate|{s7} abriu o portão
qstr_{s7}_closed_the_gate|{s7} fechou o portão
qstr_+{reg1}_to_party_mor|+{reg1} para o moral da tropa
qstr_Requires_{reg1}_inte|Precisa de {reg1} pontos de Inteligência para ler
qstr_Reading_Progress:_{r|Progresso da Leitura: {reg1}%
qstr_wound_treament|tratamento de feridas
qstr_trainer|treinador
qstr_surgery|cirurgia
qstr_+1_to_{s1}_while_in_|+1 para {s1} quando no inventário
qstr_Move_here|Mover aqui
qstr_View_notes|Ver notas
qstr_Accompany|Acompanhar
qstr_killed|mortos
qstr_wounded|feridos
qstr_{s0}^TOTAL:_{reg3}__|{s0}^TOTAL: {reg3} ({s2})
qstr_^None|^Nenhum
qstr_nothing|nada
qstr_{reg0}_village{reg1?|{reg0} vlia{reg1?s:}
qstr_{reg0}_castle{reg1?s|{reg0} castelos{reg1?s:}
qstr_{reg0}_castle{reg1?s:|{reg0} castelo{reg1?s:} e {s0}
qstr_{reg0}_town{reg1?s:}|{reg0} cidade{reg1?s:}
qstr_{reg0}_town{reg1?s:}_|{reg0} cidade{reg1?s:} e {s0}
qstr_{reg0}_town{reg1?s:}_{|{reg0} cidade{reg1?s:}, {s0}
qstr_Your_opponents_are_r|Seus oponentes estão prontos para a luta.
qstr_Try_to_destroy_as_ma|Tente destruir o máximo de alvos que puder. Você tem 2 minutos e meio para limpar a pista
qstr_Stay_behind_the_line|Fique atrás da linha no chão e atire nos alvos. Tente não errar.
qstr_Battle_Advantage_=__{|Vantagem em batalha = {reg0}."
qstr_{s9}_wants_you_to_re|{s9} quer que você continue seguindo o exército dele até segunda ordem.
qstr__Being_Raided_|(Sendo Devastada)
qstr__Looted_|(Pilhada)
qstr__Under_Siege_|(Sob Cerco)
qstr_The_village_of_{s1}_|A vila de {s1} foi pilhada por {s2}.
qstr_{s3}_is_no_longer_un|{s3} não está mais sob cerco.
qstr_Small_bands_of_enemi|Pequenos bandos de inimigos vistos perto de {s1}.
qstr_Enemy_patrols_spotte|Patrulhas do inimigo vistas perto de {s1}.
qstr_Medium_sized_group_o|Grupo de inimigos médio visto perto de {s1}.
qstr_Significant_group_of|Grupo de inimigos significante visto perto de {s1}.
qstr_Army_of_enemies_spot|Exército de inimigos vistos perto de {s1}.
qstr_Large_army_of_enemie|Grande exército de inimigos vistos perto de {s1}.
qstr_Great_host_of_enemie|Muitas hostes inimigas vistas perto de {s1}.
qstr_{s1}_has_been_besieg|{s1} foi cercada por {s2} de {s3}.
qstr__{s1}__{s11}:_{s14}|({s1}) {s11}: {s14}
qstr_{s14}__{s21}_|{s14} ({s21})
qstr_{s1}_is_the_new_mars|{s1} é o novo General de {s2}.
qstr_You_gained_{reg12}_r|Você ganhou {reg12} pontos de renome.
qstr_You_lose_{reg12}_ren|Você perdeu {reg12} pontos de renome.
qstr_Your_relation_with_{|Sua relação com {s1} melhorou.
qstr_Your_relation_with_{s|Sua relação com {s1} deteriorou-se.
qstr_You_gain_honour.|Você ganhou honra.
qstr_You_lose_honour.|Você perdeu honra.
qstr_{s1}_has_declared_wa|{s1} declarou guerra contra {s2}.
qstr_{s1}_and_{s2}_have_m|{s1} e {s2} estão agora em paz.
qstr_{s2}_{reg3?was:is_cu|{s2} {reg3? esteve: está atualmente} em {s3}.
qstr_{s2}_{reg3?was:is}_t|{s2} {reg3? esteve: está} viajando para {s3,} e {reg4?ela:ele} {reg3?Devia Estar:deve estar} perto de {s4} {reg3?: no momento}.
; qstr_{s2}_{reg3?was:is}_i|{s2} {reg3?was:is} in the field and {reg4?she:he} {reg3?was:should be} close to {s3}{reg3?: at the moment}.
qstr_{s2}_{reg3?was:is}_b|{s2} {reg3? esteve:está} mantido em cativeiro em {s3}.
qstr_{s2}_{reg3?was:has_b|{s2} {reg3?estava:foi} levado em cativeiro por {reg4? seus:seus} inimigos.
; qstr_{reg3?{s2}_s_locatio|{reg3?{s2}'s location was unknown:I don't know where {s2} is}.
qstr_{s6}_has_joined_your|{s6} juntou-se às suas tropas.
qstr_You_now_owe_{reg2}_d|Você agora deve {reg2} denars a {S1}.
; qstr_Renown_value_for_thi|Renown value for this battle is {reg8}.
qstr_You_have_run_into_a_|Você caiu em uma armadilha!
qstr_You_are_attacked_by_|Você é atacado por um grupo de bandidos!
qstr_Holding|Protegendo
qstr_Following|Seguindo
qstr_Charging|Atacando
qstr_Advancing|Avançando
qstr_Falling_Back|Recuando
qstr_Standing_Closer|Aproximando-se
qstr_Spreading_Out|Espalhando-se
qstr_Standing|Permanecendo
qstr_N/A|N/A
qstr_Free|Livre
qstr_Any_Weapon|Qualquer Arma
qstr_Blunt_Weapons|Armas Sem Corte
qstr_{s1}_Rebels|{s1} Rebeldes
qstr_Given_by:_{s62}|Dada por: {s62}
qstr_Given_on:_{s60}|Dada em: {s60}
qstr_You_have_{reg0}_days|Você tem {reg0} dias para terminar esta missão.
qstr_This_quest_has_been_|Esta missão foi concluída. Fale com {s59} para encerrá-la.
qstr_This_quest_has_been_s|Esta missão foi concluída com êxito. Fale com {s59} para obter sua recompensa.
qstr_This_quest_has_faile|Esta missão falhou. Fale com {s59} para explicar a situação.
qstr_At_the_time_quest_wa|Na época a busca foi dada: ^ {s1}
qstr_{s5}_has_a_strength_|{s5} possui a força de {reg1} homens no total.
qstr_The_last_time_you_sa|A última vez que você viu {reg1?her:him}, {s1}
; qstr_The_last_time_you_he|The last time you heard about {reg1?her:him}, {s1}
qstr_Current_garrison_con|A guarnição atual consiste em {reg5} homens.^Tem estoques de comida para {reg6} dias.
qstr_Very_Poor|Muito Pobre
qstr_Poor|Pobre
qstr_Average|Médio:
qstr_Rich|Rica
qstr_Very_Rich|Muito Rica
qstr_Manor|Solar
qstr_A_manor_lets_you_res|Um solar permite que você descanse na Vila e pague metade do salário a suas tropas enquanto você descansa.
qstr_Mill|Moinho
qstr_A_mill_increases_vil|Um moinho aumenta a prosperidade da Vila em 5%.
qstr_Watch_Tower|Torre de Vigia
qstr_A_watch_tower_lets_t|Uma torre de vigia permite que os camponeses soem o alarme mais cedo. O tempo necessário para os inimigos pilharem o vilarejo aumenta em 50%.
qstr_School|Escola
qstr_A_shool_increases_th|Uma escola aumenta a lealdade dos camponeses em +1 a cada mês.
qstr_Messenger_Post|Posto de Mensageiro
qstr_A_messenger_post_let|Um posto de mensageiro permite que os habitantes lhe enviem uma mensagem sempre que inimigos estiverem por perto, mesmo se você estiver longe.
qstr_Prison_Tower|Torre de Prisão
qstr_A_prison_tower_reduc|Uma torre de prisão reduz a chance de prisioneiros conseguirem fugir.
qstr_Prosperity_of_{s2}_h|A prosperidade de {s2} foi alterada de {s3} para {s4}.
qstr_{s4}_looks_upset.|{s4} parece chateado.
qstr_your_party|suas tropas
qstr_{reg0?One_of_your_pr|{reg0?Um de seus prisioneiros, :}{s1} de {s3} escapou do cativeiro!
qstr_You_brought_{reg3}_h|Você trouxe {reg3} cabeças de gado para {s1}.
qstr_I_heard_that_there_w|Ouvi dizer que haverá um torneio em {s62} em breve.
qstr_I_heard_that_one_can|Ouvi dizer que se pode comprar {s62} muito barato, em {s63}.
qstr_I_heard_that_they_pa|Ouvi dizer que pagam um preço muito alto por {s62} em {s63}.
qstr_two_days_ago|dois dias atrás
; qstr_Best_threat_of_{s4}_|Best threat of {s4} has value level of {reg1}
qstr_No_center_found_to_d|Nenhum centro foi encontrado para defender
qstr_You_gain_right_to_ru|Você ganha Direito de Governar.
qstr_You_lose_right_to_ru|Você perde o Direito de Governar.
; qstr_Added_money_for_your|Added money for your old horse
qstr_You_got_keys_of_dung|Você obteve as chaves da masmorra.
qstr_You_must_stay_behind|Você deve permanecer atrás da linha no chão! Ponto não computado.
qstr_Tutorial|Tutorial
qstr_You_came_into_the_wo|Você veio ao mundo como {reg3?filha:filho} de uma família aristocrática em declínio que possuía apenas a casa em que vivia. No entanto, apesar das dificuldades, sua família lhe garantiu uma boa educação e desde a infância instruiu você para lidar com as adversidades da aristocracia e da vida na corte.
qstr_You_were_born_the_{r|Você é {reg3?filha:filho} de comerciantes ambulantes, sempre vagando de um lugar para o outro em busca de lucro. Embora seus pais fossem mais ricos do que a maioria e tenham lhe garantido a melhor educação possível, você teve poucas oportunidades de fazer amizades na estrada e vivia em função dos momentos em que podia vender algo a alguém.
qstr_As_a_child_your_fami|Quando criança, sua família vivia uma vida modesta com o salário do seu pai de guarda do lorde local. Não era uma vida fácil e você era pobre demais para conseguir estudar. Você aprendeu a se defender essencialmente nas ruas, com ou sem uma arma em suas mãos.  
; qstr_{reg3?daughter:son}|{reg3?daughter:son}
; qstr_You_were_the_{reg3?d|You were the {reg3?daughter:son} of a family who lived off the woods, doing whatever they needed to make ends meet. Hunting, woodcutting, making arrows, even a spot of poaching whenever things got tight. Winter was never a good time for your family as the cold took animals and people alike, but you always lived to see another dawn, though your brothers and sisters might not be so fortunate.
; qstr_You_were_a_child_of_|You were a child of the steppe, born to a tribe of wandering nomads who lived in great camps throughout the arid grasslands. Like the other tribesmen, your family revered horses above almost everything else, and they taught you how to ride almost before you learned how to walk. 
; qstr_As_the_{reg3?daughte|As the {reg3?daughter:son} of a thief, you had very little 'formal' education. Instead you were out on the street, begging until you learned how to cut purses, cutting purses until you learned how to pick locks, all the way through your childhood. Still, these long years made you streetwise and sharp to the secrets of cities and shadowy backways.
; qstr_As_a_{reg3?girl:boy}|As a {reg3?girl:boy} growing out of childhood, you were sent to live in the court of one of the nobles of the land. There, your first lessons were in humility, as you waited upon the lords and ladies of the household. But from their chess games, their gossip, even the poetry of great deeds and courtly love, you quickly began to learn about the adult world of conflict and competition. You also learned from the rough games of the other children, who battered at each other with sticks in imitation of their elders' swords.
; qstr_As_a_{reg3?girl:boy}_|As a {reg3?girl:boy} growing out of childhood, you apprenticed with a local craftsman to learn a trade. After years of hard work and study under your new master, he promoted you to journeyman and employed you as a fully paid craftsman for as long as you wished to stay.
; qstr_As_a_{reg3?girl:boy}_g|As a {reg3?girl:boy} growing out of childhood, you apprenticed to a wealthy merchant, picking up the trade over years of working shops and driving caravans. You soon became adept at the art of buying low, selling high, and leaving the customer thinking they'd got the better deal.
; qstr_As_a_{reg3?girl:boy}_gr|As a {reg3?girl:boy} growing out of childhood, you took to the streets, doing whatever you must to survive. Begging, thieving and working for gangs to earn your bread, you lived from day to day in this violent world, always one step ahead of the law and those who wished you ill.
; qstr_As_a_{reg3?girl:boy}_gro|As a {reg3?girl:boy} growing out of childhood, you rode the great steppes on a horse of your own, learning the ways of the grass and the desert. Although you sometimes went hungry, you became a skillful hunter and pathfinder in this trackless country. Your body too started to harden with muscle as you grew into the life of a nomad {reg3?woman:man}.
; qstr_{reg3?daughter:man}|{reg3?daughter:man}
; qstr_Though_the_distincti|Though the distinction felt sudden to you, somewhere along the way you had become a {reg3?woman:man}, and the whole world seemed to change around you. When you were named squire to a noble at court, you practiced long hours with weapons, learning how to deal out hard knocks and how to take them, too. You were instructed in your obligations to your lord, and of your duties to those who might one day be your vassals. But in addition to learning the chivalric ideal, you also learned about the less uplifting side -- old warriors' stories of ruthless power politics, of betrayals and usurpations, of men who used guile as well as valor to achieve their aims.
; qstr_{reg3?woman:man}|{reg3?woman:man}
; qstr_Though_the_distinctio|Though the distinction felt sudden to you, somewhere along the way you had become a {s13}, and the whole world seemed to change around you. You joined the tightly-knit circle of women at court, ladies who all did proper ladylike things, the wives and mistresses of noble men as well as maidens who had yet to find a husband. However, even here you found politics at work as the ladies schemed for prominence and fought each other bitterly to catch the eye of whatever unmarried man was in fashion at court. You soon learned ways of turning these situations and goings-on to your advantage. With it came the realisation that you yourself could wield great influence in the world, if only you applied yourself with a little bit of subtlety.
; qstr_Though_the_distinction|Though the distinction felt sudden to you, somewhere along the way you had become a {s13}, and the whole world seemed to change around you. You set out on your own with nothing except the instrument slung over your back and your own voice. It was a poor existence, with many a hungry night when people failed to appreciate your play, but you managed to survive on your music alone. As the years went by you became adept at playing the drunken crowds in your taverns, and even better at talking anyone out of anything you wanted.
; qstr_Though_the_distinction_|Though the distinction felt sudden to you, somewhere along the way you had become a {reg3?woman:man}, and the whole world seemed to change around you. You found yourself as a student in the university of one of the great cities, where you studied theology, philosophy, and medicine. But not all your lessons were learned in the lecture halls. You may or may not have joined in with your fellows as they roamed the alleys in search of wine, women, and a good fight. However, you certainly were able to observe how a broken jaw is set, or how an angry townsman can be persuaded to set down his club and accept cash compensation for the destruction of his shop.
; qstr_Though_the_distinction_f|Though the distinction felt sudden to you, somewhere along the way you had become a {s13}, and the whole world seemed to change around you. Heeding the call of the open road, you travelled from village to village buying and selling what you could. It was not a rich existence, but you became a master at haggling even the most miserly elders into giving you a good price. Soon, you knew, you would be well-placed to start your own trading empire...
; qstr_Though_the_distinction_fe|Though the distinction felt sudden to you, somewhere along the way you had become a {s13}, and the whole world seemed to change around you. You pursued a career as a smith, crafting items of function and beauty out of simple metal. As time wore on you became a master of your trade, and fine work started to fetch fine prices. With food in your belly and logs on your fire, you could take pride in your work and your growing reputation.
; qstr_Though_the_distinction_fel|Though the distinction felt sudden to you, somewhere along the way you had become a {s13}, and the whole world seemed to change around you. Dissatisfied with common men's desperate scrabble for coin, you took to your local lord's own forests and decided to help yourself to its bounty, laws be damned. You hunted stags, boars and geese and sold the precious meat under the table. You cut down trees right under the watchmen's noses and turned them into firewood that warmed many freezing homes during winter. All for a few silvers, of course.
; qstr_Only_you_know_exactl|Only you know exactly what caused you to give up your old life and become an adventurer. Still, it was not a difficult choice to leave, with the rage burning brightly in your heart. You want vengeance. You want justice. What was done to you cannot be undone, and these debts can only be paid in blood...
; qstr_Only_you_know_exactly|Only you know exactly what caused you to give up your old life and become an adventurer. All you can say is that you couldn't bear to stay, not with the memories of those you loved so close and so painful. Perhaps your new life will let you forget, or honour the name that you can no longer bear to speak...
; qstr_Only_you_know_exactly_|Only you know exactly what caused you to give up your old life and become an adventurer. You're not even sure when your home became a prison, when the familiar became mundane, but your dreams of wandering have taken over your life. Whether you yearn for some faraway place or merely for the open road and the freedom to travel, you could no longer bear to stay in the same place. You simply went and never looked back...
; qstr_Only_you_know_exactly_w|Only you know exactly what caused you to give up your old life and become an adventurer. However, you know you cannot go back. There's nothing to go back to. Whatever home you may have had is gone now, and you must face the fact that you're out in the wide wide world. Alone to sink or swim...
; qstr_Only_you_know_exactly_wh|Only you know exactly what caused you to give up your old life and become an adventurer. To everyone else, it's clear that you're now motivated solely by personal gain. You want to be rich, powerful, respected, feared. You want to be the one whom others hurry to obey. You want people to know your name, and tremble whenever it is spoken. You want everything, and you won't let anyone stop you from having it...
qstr_Back_to_the_beginnin|De volta ao começo...
qstr_View_next_segment...|Ver próximo segmento...
qstr_^No_food:___{reg7}|^  Sem comida: -{reg7}
; qstr_^Wage_debt:___{reg6}|^Wage debt:  -{reg6}
qstr_On_loan|Em empréstimo,
qstr_Appoint_next_marshal|Indicar próximo general
qstr_Award_{s12}_as_fief|Conceder {s12} como feudo
; qstr_No_one|No one
qstr_Selected_faction_is:|A fação selecionada é: {s10}^^{s9}
qstr_You_are_currently_re|Você está lendo {s8}.
qstr_You_are_not_reading_|Você não está lendo nenhum livro.
qstr_none|nenhum
qstr_{s5}_and_{s6}|{s5} e {s6}
; qstr_Your_estates_are:_{s|Your estates are: {s8}.^{s9}
; qstr_Current_party_size_l|Current party size limit is {reg5}.^Current party size modifiers are:^^Base size:  +30^Leadership: {s2}{reg1}^Charisma: {s3}{reg2}^Renown: {s4}{reg3}^TOTAL:  {reg5}
qstr_Loyal|Leal
qstr_Devoted|Dedicado
qstr_Fond|Afeiçoado
qstr_Gracious|Gracioso
qstr_Friendly|Amigável
qstr_Supportive|Apoiante
qstr_Favorable|Favorável
qstr_Cooperative|Cooperativo
qstr_Accepting|Aceitando
qstr_Indifferent|Indiferente
qstr_Suspicious|Suspeito
; qstr_Grumbling|Grumbling
qstr_Hostile|Hostil
qstr_Resentful|Ressentido
qstr_Angry|Irritado
qstr_Hateful|Odioso
; qstr_Revengeful|Revengeful
qstr_Vengeful|Vingativo
; qstr_Your_relation_with_t|Your relation with the factions are:^{s2}
; qstr_Player_renown_is_inc|Player renown is increased by 100. 
qstr_Player_honor_is_incr|A honra do jogador teve um acréscimo de 1 e agora equivale a {reg7}.
; qstr_{reg1}_{s1}_{reg2?ac|{reg1} {s1} {reg2?accept:accepts} the offer.
qstr_No_one_accepts_the_o|Ninguém aceita a oferta.
qstr_You_start_reading_{s|Você começa a ler {s2}. Passadas algumas páginas, você percebe que pode aprender bastante com este livro. Você decide mantê-lo por perto para ler sempre que tiver tempo.
qstr_You_flip_through_the|Você folheia {s2}, mas percebe que o texto é confuso e difícil de compreender. Por mais que tente ler, você acaba ficando com uma dor de cabeça e desiste da tentativa.
qstr_Villagers|Camponeses
qstr_You_have_encountered|Você encontrou {s1}.
qstr_You_have_engaged_{s1|Você travou combate com {s1} enquanto saqueavam {s3}.
; qstr_You_were_caught_by_{|You were caught by {s1} while your forces were raiding {s3}.
qstr_You_were_victorious!|Você venceu!
qstr_Battle_was_lost._You|Você perdeu a batalha. Suas forças foram completamente derrotadas.
; qstr_Your_companions_carr|Your companions carry you away from the fighting.
qstr_You_have_defeated_th|Você derrotou o inimigo.
qstr_You_have_retreated_f|Você bateu em retirada.
qstr_^^Ally_Casualties:{s|^^Baixas de aliados:{s0}
qstr_{s1}_of_{s3}_managed|{s1} de {s3} conseguiu escapar.
qstr_Some_of_your_tendons|Você lesionou alguns tendões durante a batalha e perdeu 1 ponto de força.
; qstr_You_took_a_nasty_wou|You took a nasty wound which will cause you to limp slightly even after it heals. You lose 1 agility.
; qstr_You_have_trouble_thi|You have trouble thinking straight after the battle, perhaps from a particularly hard hit to your head, and frequent headaches now plague your existence. Your intelligence is reduced by 1.
qstr_Perhaps_I_m_getting_|Talvez eu esteja sem sorte...
; qstr_Retirement_is_starti|Retirement is starting to sound better and better.
qstr_No_matter!_I_will_pe|Não importa! Vou persistir!
qstr_What_did_I_do_to_des|O que fiz para merecer isso?
qstr_I_suppose_it_ll_make|Pelo menos isso vai dar em uma boa história...
qstr_{s9}_wants_you_to_fo|{s9} quer que você siga o exército dele até segunda ordem.
qstr_{s8}_of_{s9}|{s8} de {s9}
qstr__Your_own_banner_fli|Seu estandarte tremula sobre o portão do castelo.
qstr__You_see_the_banner_|Você vê o estandarte de {s7} sobre o portão do castelo.
qstr__Your_own_banner_flie|Seu estandarte tremula sobre os portões da cidade.
qstr__You_see_the_banner_o|Você vê o estandarte de {s7} sobre os portões da cidade.
; qstr_The_{reg6?town_s:cas|The {reg6?town's:castle's} food stores should last for {reg3} more days.
; qstr_The_{reg6?town_s:cast|The {reg6?town's:castle's} food stores have run out and the defenders are starving.
qstr_You_re_preparing_to_|Você está se preparando para atacar as muralhas. A tarefa deve terminar após {reg9} horas.
qstr_Your_forces_are_buil|Suas forças estão construindo uma torre de cerco e estimam que serão necessárias {reg9} horas para finalizar a construção.
; qstr_You_are_ready_to_att|You are ready to attack the walls at any time.
qstr_The_siege_tower_is_b|A torre de cerco foi construída e está pronta para o ataque.
qstr_As_a_last_defensive_|Em uma última investida defensiva, você se retira para o salão principal da fortaleza. Você e seus soldados restantes travarão uma luta desesperada aqui. Se forem derrotados, não haverá outro lugar para onde recuar.
; qstr_You_ve_been_driven_a|You've been driven away from the walls. Now the attackers are pouring into the streets. IF you can defeat them, you can perhaps turn the tide and save the day.
; qstr_You_ve_breached_the_|You've breached the town walls, but the stubborn defenders continue to resist you in the streets! You'll have to deal with them before you can attack the keep at the heart of the town.
; qstr_The_town_centre_is_y|The town centre is yours, but the remaining defenders have retreated to the castle. It must fall before you can complete your victory.
; qstr_The_remaining_defend|The remaining defenders have retreated to the castle as a last defense. You must go in and crush any remaining resistance.
; qstr_However_since_you_ar|However, since you are not a sworn {man/follower} of {s9}, there is no chance he would recognize you as the {lord/lady} of this {reg8?town:castle}.
qstr_The_enemy_has_been_f|O inimigo foi forçado a recuar. A luta terminou, mas o cerco continua.
; qstr_As_you_approach_you_|As you approach, you are spotted by the castle guards, who welcome you and open the gates for their {king/queen}.
; qstr_As_you_approach_you_a|As you approach, you are spotted by the castle guards, who welcome you and open the gates for their {lord/lady}.
qstr__This_village_and_th|Este vilarejo e as terras circundantes pertencem a você.
qstr__You_remember_that_t|Você se lembra de que este vilarejo e as terras circundantes pertencem a {s7}.
qstr__These_lands_belong_|Estas terras não pertencem a ninguém.
qstr__The_village_is_infe| Este vilarejo está infestado de {reg8} {s35}.
; qstr__The_village_has_bee| The village has been looted. A handful of souls scatter as you pass through the burnt out houses.
qstr__The_village_is_bein|O vilarejo está sendo saqueado.
; qstr_No_one_here_seems_to|No one here seems to be willing to join your party.
qstr_One_{s3}_volunteers_|Um {s3} voluntário irá segui-lo.
qstr_{reg5}_{s3}_voluntee|{reg5} {s3} voluntários irão segui-lo.
; qstr_Try_as_you_might_you|Try as you might, you could not defeat the bandits. Infuriated, they raze the village to the ground to punish the peasants, and then leave the burning wasteland behind to find greener pastures to plunder.
qstr_village|Vila
qstr_town|Cidade
qstr_castle|castelo
; qstr_The_{s17}_has_no_imp|The {s17} has no improvements.
; qstr_The_{s17}_has_the_fo|The {s17} has the following improvements:{s18}.
; qstr_The_assasins_beat_yo|The assasins beat you down and leave you for dead. .
; qstr_You_have_fallen._The|You have fallen. The bandits quickly search your body for every coin they can find, then vanish into the night. They have left you alive, if only barely.
; qstr_Luckily_some_of_your|Luckily some of your companions come to search for you when you do not return, and find you lying by the side of the road. They hurry you to safety and dress your wounds.
; qstr_Luckily_some_passing|Luckily some passing townspeople find you lying by the side of the road, and recognise you as something other than a simple beggar. They carry you to the nearest inn and dress your wounds.
qstr_You_fail_to_steal_an|Você não conseguiu roubar gado.
; qstr_You_drive_away_{reg1|You drive away {reg17} {reg12?heads:head} of cattle from the village's herd.
qstr_You_are_at_{s2}.|Você está em {s2}.
qstr__This_castle_has_no_|Este castelo não tem nenhuma guarnição.
qstr__This_town_has_no_ga|Esta cidade não tem nenhuma guarnição.
qstr__You_have_successful|Você conseguiu entrar furtivamente.
qstr_{s13}_A_tournament_w|{s13} Haverá um torneio aqui em breve.
; qstr___{reg1}_denars_per_| ({reg1} denars per night)
; qstr_Moreover_you_earn_{r|Moreover, you earn {reg8} denars from the clever bets you placed on yourself...
qstr_Victory_is_yours!_Yo|A vitória é sua! Você venceu este combate, mas agora deve se preparar para a próxima partida.
; qstr_You_have_been_bested|You have been bested in this melee, but the master of ceremonies declares a recognition of your skill and bravery, allowing you to take part in the next round. 
; qstr_You_were_beaten._The|You were beaten. The peasants are heartened by their success, but the lesson you wanted to teach them probably didn't get through...
; qstr_After_beating_your_l|After beating your last opponent, you explain to the peasants how to better defend themselves against such an attack. Hopefully they'll take the experience on board and will be prepared next time.
; qstr_The_bandits_are_brok|The bandits are broken! Those few who remain alive and conscious run off with their tails between their legs, terrified of the peasants and their new champion.
; qstr_{s1}_s_Ship|{s1}'s Ship
; qstr_However_{reg3?You_ar|However, {reg3?You are:{s1} is} unable to find any trade goods that would bring a profit.
; qstr_^Buying_{s4}_here_an|^Buying {s4} here and selling it at {s5} would bring a profit of {reg6} denars per item.{s3}
; qstr_{reg3?You_find:{s1}_|{reg3?You find:{s1} finds} out the following:^{s3}
; qstr_{s2}^{reg1}_{s1}_ear|{s2}^{reg1} {s1} earned {reg0} experience.
; qstr_{s2}^{s1}_earned_an_|{s2}^{s1} earned an additional {reg0} experience.
; qstr_^You_earned_{reg0}_e|^You earned {reg0} experience.{s2}
; qstr_The_training_didn_t_|The training didn't go well at all.
; qstr_The_training_didn_t_g|The training didn't go very well.
; qstr_The_training_went_qu|The training went quite well.
; qstr_The_training_went_ve|The training went very well.
; qstr_The_training_went_pe|The training went perfectly.
qstr_{s13}_asked_you_to_r|{s13} pediu que você se apresente a ele com pelo menos {reg13} tropas.
qstr_{s13}_ordered_you_to|{s13} ordenou que você se junte ao ataque a {s14}.
qstr_Find_and_speak_with_|Encontre {s3} de {s4} e fale com ele para prestar seu juramento de lealdade.
; qstr_There_has_been_an_al|There has been an alleged border incident: {s9}
; qstr_^^Note_that_so_long_|^^Note that so long as you remain marshal, the lords of the realm will be expecting you to lead them on campaign. So, if you are awaiting a feast, either for a wedding or for other purposes, you may wish to resign the marshalship by speaking to your liege.
; qstr_Breaking_camp...|Breaking camp...
; qstr_Your_party_is_spotte|Your party is spotted by {s1}.
qstr_Party_has_nothing_to|A tropa não tem o que comer!
; qstr_{reg1}_{s1}_{reg2?ha|{reg1} {s1} {reg2?have:has} escaped from your party during the night.
qstr_{s1}_of_{s3}_has_bee|{s1} de {s3} foi libertado.
qstr_Building_of_{s0}_in_|A construção de {s0} em {s4} foi finalizada.
qstr_{s1}_has_won_the_tou|{s1} venceu o torneio em {s2}.
; qstr_{s1}_is_no_longer_in|{s1} is no longer infested by bandits (at night).
qstr_You_pay_for_accommod|Você pagou pelo alojamento.
; qstr_Betrothal_to_{s5}_ex|Betrothal to {s5} expires
qstr__Your_tactics_skill_|Sua habilidade em táticas aumentou em 1 ponto.
qstr__Your_persuasion_ski|Sua habilidade em persuasão aumentou em 1 ponto.
qstr__Your_leadership_ski|Sua habilidade em liderança aumentou em 1 ponto.
qstr__Your_intelligence_h|Sua inteligência aumentou em 1 ponto.
qstr__Your_trade_skill_ha|Sua habilidade em comércio aumentou em 1 ponto.
qstr__Your_weapon_master_|Sua habilidade como mestre das armas aumentou em 1 ponto.
qstr__Your_engineer_skill|Sua habilidade em engenharia aumentou em 1 ponto.
qstr_You_have_finished_re|Você terminou de ler {s1}.{s2}
qstr_Book_Read|Livro lido
; qstr_{s1}_is_scouted.|{s1} is scouted.
; qstr_{s1}_has_switched_fr|{s1} has switched from {s2} to {s3}.
; qstr_{reg65?my_Lady:my_Lo|{reg65?my Lady:my Lord}
; qstr_{reg65?My_Lady:My_Lo|{reg65?My Lady:My Lord}
qstr_{reg65?madame:sir}|{reg65?senhora:senhor}
qstr_{reg65?Madame:Sir}|{reg65?Senhora:Senhor}
; qstr__no_fiefs_|(no fiefs)
qstr__fiefs:_{s0}_|(feudos: {s0})
; qstr_It_s_your_money_or_y|It's your money or your life, {mate/girlie}. No sudden moves or we'll run you through.
qstr_Lucky_for_you_you_ca|Sorte sua que estou de bom humor. Passe todo o seu dinheiro e talvez eu deixe você viver.
; qstr_This_a_robbery_eh?_I|This a robbery, eh? I givin' you one chance to hand over everythin' you got, or me and my mates'll kill you. Understand?
qstr_we_have_made_very_li|fizemos pouquíssimo progresso até agora
; qstr_we_have_suceeded_in_|we have suceeded in gaining some ground, but we still have a long way to go
qstr_we_have_become_a_sig|nós nos tornamos uma força considerável, e temos uma chance razoável de vencer
qstr_we_are_winning_the_w|estamos vencendo a guerra, mas nossos inimigos ainda resistem.
qstr_we_are_on_the_verge_|estamos muito perto da vitória. Os inimigos restantes não representam ameaça, mas ainda precisamos caçá-los.
; qstr_{playername}_when_we|{playername}, when we started our long walk, few people had the courage to support me. And fewer still would be willing to put their lives at risk for my cause. But you didn't hesitate for a moment in throwing yourself at my enemies. We have gone through a lot together, and there were times I came close to losing all hope. But with God's help, we prevailed. It is now time for me to leave your company and take what's rightfully mine. From now on, I will carry out the great responsibility of ruling {s3}. There still lie many challanges ahead and I count on your help in overcoming those. And of course, you will always remain as my foremost vassal.
; qstr__We_will_of_course_n| We will of course need to wait until the realm is no longer on campaign.
qstr_I_am_{s4}_the_ruler_|Eu sou {s4}, governante de {s6}
; qstr_I_am_{s4}_a_vassal_o|I am {s4}, a vassal of {s6}
qstr_{s9}{reg5?_and_the_l|{s9}{reg5? e o senhor de {s8}.:.
qstr_{s13}_asked_you_to_g|{s13} pediu que você obtenha {reg3} cabeças de gado e entregue-as a ele.
qstr_{s9}_asked_you_to_sc|{s9} pediu que você faça o reconhecimento de {s13}, {s14} e {s15}, e depois volte para relatar tudo.
; qstr_you|you
; qstr_You_are_challenging_|You are challenging me to a duel? How droll! As you wish, {playername}, it will be good sport to bash your head in.
qstr_{s16}_and_{s17}|{s16} e {s17}
; qstr_Very_well_I_will_acc|Very well, I will accept you back into my ranks, if you're ready to swear your solemn oath once more.
qstr_A_pardon_will_only_b|Um perdão só será possível se você se dispuser a me ceder {s17}. Concorda com meus termos?
qstr_No._There_is_no_chan|Não. Não há nenhuma chance de paz entre nós, não tenho interesse.
; qstr_Our_marshal_{s1}|Our marshal, {s1}
qstr_{s11}_and_{s12}|{s11} e {s12}
qstr_We_are_not_at_war_wi|Não estamos em guerra com ninguém.
qstr_We_are_at_war_with_{|Estamos em guerra com {s12}.
; qstr_go_on_the_offensive_|go on the offensive now.
; qstr_act_to_defend_our_la|act to defend our lands.
; qstr_take_more_time_to_ga|take more time to gather the army.
qstr_You_promised_to_help|Você prometeu ajudar {s13} a conquistar o trono de {s14}.
; qstr_What_do_you_say_to_e|What do you say to entering the service of {s9} as a mercenary captain? I have no doubt that you would be up to the task.
qstr_{s9}_asked_you_to_ta|{s9} lhe pediu para levar uma mensagem a {s13}. {s13} supostamente estava em {s4} quando esta missão foi dada a você.
qstr_{s9}_asked_you_to_tak|{s9} lhe pediu para levar uma mensagem a {s13} de {s15}. {s13} supostamente estava em {s4} quando esta missão foi dada a você.
; qstr_{s11}_asked_you_to_e|{s11} asked you to escort his {s17} {s13} to {s14}.
; qstr_{s13}_asked_you_to_d|{s13} asked you to deal with the bandits who are occupying the village of {s15} and then report back to him.
; qstr_{s9}_asked_you_to_ra|{s9} asked you to raise {reg1} {s14} and bring them to him.
qstr_{s9}_asked_you_to_co|{s9} lhe pediu para coletar impostos de {s3}. Ele ofereceu deixar você ficar com um quinto de todo o dinheiro arrecadado lá.
qstr_{s9}_asked_you_to_hu|{s9} lhe pediu pra perseguir um fugitivo chamado {s4}. Acredita-se que ele esteja em {s3}.
qstr_{s9}_asked_you_to_as|{s9} lhe pediu pra assassinar um mercador local em {s3}.
qstr_{s9}_has_asked_you_t|{s9} lhe pediu para se encontrar com um espião em {s13}.
; qstr_{s11}_asked_you_to_f|{s11} asked you to follow the spy that will leave {s12}. Be careful not to let the spy see you on the way, or he may get suspicious and turn back. Once the spy meets with his accomplice, you are to capture them and bring them back to {s11}.
; qstr_{s11}_asked_you_to_c|{s11} asked you to capture a lord from {s13}, any lord, and then drag your victim back to {s11} for safekeeping.
; qstr_{s9}_asked_you_to_le|{s9} asked you to lend your companion {s3} to him for a week.
; qstr_{s9}_asked_you_to_col|{s9} asked you to collect the debt of {reg4} denars {s3} owes to him. {s3} was at {s4} when you were given this quest.
; qstr_{s11}_gave_you_a_fak|{s11} gave you a fake letter to fool {s13} into banishing his vassal {s16}. You are to go near {s14}, give the letter to one of your {s15} and send him into the town as a messenger, believing his orders to be genuine.
qstr_{s9}_has_requested_y|{s9} lhe pediu para trazer {reg1} {s3} como prisioneiros.
; qstr_Lend_your_experience|Lend your experienced surgeon {s3} to {s1}.
qstr_Then_take_it_with_my|Então fique com isto e aceite minha eterna gratidão. Você é {um homem/uma mulher} nobre. Nunca vou me esquecer de que você me ajudou quando eu mais precisava.
qstr_Forgive_me_{playerna|Perdão, {playername}, mas devo insistir que você aceite. O dinheiro significa pouco para mim, e devo tanto a você. Tome, pegue-o, e não falemos mais sobre isso.
; qstr_{playername}_what_a_|{playername}, what a dear {man/woman} you are, but I will not allow you to refuse this. I owe you far more than I can say, and I am sure you can put this money to far better use than I.
; qstr_{s11}_asked_you_to_r|{s11} asked you to rescue her {s17}, {s13}, from {s14} by switching clothes and taking his place in prison.
; qstr_{s11}_asked_you_to_re|{s11} asked you to rescue her {s17}, {s13}, from {s14}.
; qstr_{s11}_asked_you_to_d|{s11} asked you to deliver a message to {s13}, who is imprisoned at {s14}.
qstr_You_agreed_to_challe|Você concordou em desafiar {s13} para defender a honra de {s11}.
; qstr_{s5}__Persuasion_str|{s5} (Persuasion strength: {reg5})
qstr_Persuasion_Attempt|Tentativa de Persuasão
; qstr_A_villager_from_{s7}|A villager from {s7} begged you to save their village from the bandits that took refuge there.
qstr_You_chose_well_{sir/|Boa escolha, {senhor/senhora}. Meus rapazes sabem cumprir com a palavra e fazer por merecer.
; qstr_Well_done_{sir/madam|Well done, {sir/madam}. Keep the money and wine coming our way, and there's no foe in Calradia you need fear.
; qstr_We_are_at_your_servi|We are at your service, {sir/madam}. Point us in the direction of those who need hurting, and we'll do the rest.
; qstr_The_Guildmaster_of_{|The Guildmaster of {s13} has asked you to deal with looters in the surrounding countryside.
qstr_{s9}_of_{s3}_asked_y|{s9} de {s3} lhe pediu para enviar {reg5} unidades de {s6} para a taverna em {s4} dentro de 7 dias.
qstr_Escort_the_merchant_|Escolte a caravana de mercadores até a cidade de {s8}.
; qstr_Merchant_{s9}_of_{s4|Merchant {s9} of {s4} asked you to hunt down the troublesome bandits in the vicinity of the town.
; qstr_Guildmaster_of_{s4}_|Guildmaster of {s4} gave you {reg12} denars to pay the ransom of a girl kidnapped by bandits. You are to meet the bandits near {s3} and pay them the ransom fee. After that you are to bring the girl back to {s4}.
; qstr_Guildmaster_of_{s4}_p|Guildmaster of {s4} promised you {reg12} denars if you can make sure that {s12} and {s13} no longer pose a threat to a peace settlement between {s15} and {s14}. In order to do that, you must either convince them or make sure they fall captive and remain so until a peace agreement is made.
; qstr_The_Guildmaster_of_{s|The Guildmaster of {s14} has asked you to deal with a group of bandits terrorising the streets of {s14}. They only come out at night, and only attack lone travellers on the streets.
; qstr_Guildmaster_of_{s10}|Guildmaster of {s10} asked you to move a cattle herd to {s13}. You will earn {reg8} denars in return.
qstr_He_is_not_commanding|Ele não está comandando homens no momento.
; qstr_He_currently_command|He currently commands {reg0} men{reg1?, of which around {reg1} are wounded:}.
qstr_The_elder_of_the_vil|O ancião do vilarejo de {s3} lhe pediu para trazer {reg5} sacos de grãos.
; qstr_The_elder_of_the_vill|The elder of the village of {s13} asked you to train {reg5} peasants to fight against local bandits.
qstr_The_elder_of_the_villa|O ancião do vilarejo de {s3} lhe pediu para trazer {reg5} cabeças de gado.
qstr_{s16}_and_{s15}|{s16} e {s15}
; qstr_I_can_smell_a_fat_pu|I can smell a fat purse a mile away. Methinks yours could do with some lightening, eh?
; qstr_Why_it_be_another_tr|Why, it be another traveller, chance met upon the road! I should warn you, country here's a mite dangerous for a good {fellow/woman} like you. But for a small donation my boys and I'll make sure you get rightways to your destination, eh?
; qstr_Well_well_look_at_th|Well well, look at this! You'd best start coughing up some silver, friend, or me and my boys'll have to break you.
; qstr_There_s_a_toll_for_p|There's a toll for passin' through this land, payable to us, so if you don't mind we'll just be collectin' our due from your purse...
; qstr_Another_fool_come_to|Another fool come to throw {him/her}self on my weapon, eh? Fine, let's fight!
; qstr_We_re_not_afraid_of_|We're not afraid of you, {sirrah/wench}. Time to bust some heads!
qstr_That_was_a_mistake._|Isso foi um grande erro. Agora terei de tornar sua morte longa e dolorosa.
; qstr_Brave_words._Let_s_s|Brave words. Let's see you back them up with deeds, cur!
; qstr_A_{s5}?_Well..._Yes_|A {s5}? Well... Yes, I suppose it is. What a strange thing to ask.
; qstr_Eh?_No_it_most_certa|Eh? No, it most certainly is not a {s5}. I'd start questioning my eyesight if I were you.
qstr_This_is_the_{reg4?to|Esta é a {reg4?cidade:vilarejo} de {s5}, {senhor/senhora}.
qstr_{s6}_Our_{reg4?town:|{s6} Nossa {reg4?cidade:vilarejo} e as terras circundantes pertencem {ao senhor/à senhora}, é claro.
; qstr_{s6}_Our_{reg4?town:v|{s6} Our {reg4?town:village} and the surrounding lands belong to {s7} of {s8}.
qstr_{s3}_and_{s5}|{s3} e {s5}
; qstr_{reg20?We_mostly_pro|{reg20?We mostly produce {s5} here:We don't produce much here these days}. If you would like to learn more, you can speak with our {reg4?guildmaster:village elder}. He is nearby, right over there.
