menu_start_game_0|Witaj wędrowcze w Mount and Blade: Warband. Zanim rozpoczniesz grę musisz stworzyć swoją postać. Pamiętaj, że w tradycyjnym średniowiecznym społeczeństwie przedstawionym w grze, wojna i polityka są zazwyczaj zdominowane przez męskich przedstawicieli szlachty. To oczywiście nie oznacza, że nie powinieneś wybrać postaci żeńskiej albo jakiejś urodzonej w szlachcie. Męski szlachcic może mieć łatwiejszy start, ale kobieta lub pospólstwo może osiągnąć te same cele i mogą mieć dużo ciekawszy, ale i trudniejszy start.
mno_continue|Dalej...
mno_go_back|Wstecz
menu_start_phase_2|Usłyszałeś o Calradii, ziemi rozdartej między rywalizujące księstwa walczące o władzę, idealne miejsce dla rycerzy i najemników, rzezimieszków i wędrowców, wszyscy gotowi ryzykować życie w pogoni za pieniędzmi, siłą i chwałą... W tym miejscu pełnym niebezpieczeństw i możliwości wierzysz, że uda Ci się pozostawić przeszłość i zacząć nowe życie. Czujesz, że wreszcie trzymasz w ręku klucz do swojego przeznaczenia, masz wolność wyboru i jakiej drogi nie obierzesz czeka na Ciebie wielka przygoda. Przyciągnięty opowieściami które słyszałeś o Calradii i jej księstwach...
mno_town_1|przyłączasz się do karawany do Praven, w Księstwie Swadii.
mno_town_2|przyłączasz się do karawany do Reyvadin, w Księstwie Vaegirs.
mno_town_3|przyłączasz się do karawany do Tulgii, w Księstwie Khanate.
mno_town_4|wsiadasz na statek do Sargoth, w Księstwie Nordów.
mno_town_5|wsiadasz na statek do Jelkalii, w Księstwie Rhodoks.
mno_town_6|przyłączasz się do karawany do Shariz, w Sułtanacie Sarranid.
menu_start_game_3|Wybierz swoją historię:
menu_tutorial|Zbliżasz się do pola na którym tutejsi ludzie trenują z bronią. Możesz tutaj ćwiczyć, aby poprawić umiejętności walki.
mno_go_back_dot|Wstecz.
menu_reports|Sława postaci:{reg5}^Honor:{reg6}^Morale drużyny:{reg8}^Limit wielkości drużyny:{reg7}^
mno_view_character_report|Pokaż informacje o postaci.
mno_view_party_size_report|Pokaż informacje o wielkości drużyny.
mno_view_npc_mission_report|Pokaż informacje o misji kompana.
mno_view_weekly_budget_report|Pokaż informacje o tygodniowym budżecie.
mno_view_morale_report|Pokaż informacje o morale drużyny.
mno_lord_relations|Pokaż informacje o relacjach z poznanymi władcami.
mno_courtship_relations|Pokaż informacje o relacjach na dworze.
mno_view_faction_relations_report|Pokaż informacje o relacjach między fakcjami.
mno_resume_travelling|Powróć do podróży.
menu_custom_battle_scene|(NO TRANS)
menu_custom_battle_end|Bitwa się zakończyła. {s1} Twoja strona zabiła {reg5} przeciwników i straciła {reg6} żołnierzy w trakcie bitwy. Osobiście zabiłeś {reg7} w trakcie walk.
menu_start_game_1|Wybierz płeć postaci.
mno_start_male|Mężczyzna
mno_start_female|Kobieta
menu_start_character_1|Urodziłeś się lata temu w odległej krainie. Twój ojciec był...
mno_start_noble|Zubożałym szlachcicem.
mno_start_merchant|Wędrującym kupcem.
mno_start_guard|Doświadczonym wojownikiem.
mno_start_forester|Łowcą.
mno_start_nomad|Stepowym nomadę.
mno_start_thief|Złodziejem.
menu_start_character_2|{s10}^^ Zacząłeś uczyć się o świecie prawie od momentu kiedy zacząłeś chodzić i mówić. Młodość spędziłeś jak...
mno_page|Skryba na dworze szlachcica.
mno_apprentice|Uczeń rzemieślnika.
mno_stockboy|Asystent sklepikarza.
mno_urchin|Uliczna sierota.
mno_nomad|Przyszywane dziecko.
menu_start_character_3|{s11}^^ Później jako młody dorosły życie się odmieniło. Zostałeś...
mno_squire|Skrybą.
mno_lady|Damą dworu.
mno_troubadour|Trubadurem.
mno_student|Studentem.
mno_peddler|Handlarzem.
mno_craftsman|Kowalem.
mno_poacher|Kłusownikiem.
menu_start_character_4|{s12}^^ Ale wszystko szybko się odmieniło i postanowiłeś spróbować szczęścia jako poszukiwacz przygód. Do tej decyzji skłoniło Cię...
mno_revenge|Zemsta.
mno_death|Utrata ukochanej osoby.
mno_wanderlust|Zamiłowanie do włóczęgi.
mno_disown|Byłeś zmuszony do opuszczenia domu.
mno_greed|Żądza pieniędzy i potęgi.
menu_choose_skill|{s13}
mno_begin_adventuring|Zostań poszukiwaczem przygód i znajdź swoje przeznaczenie.
menu_past_life_explanation|{s3}
mno_view_next|{s5}
menu_morale_report|{s1}
menu_courtship_relations|{s1}
menu_lord_relations|{s1}
menu_companion_report|{s7}{s1}
menu_character_report|{s9}
menu_party_size_report|{s1}
menu_faction_relations_report|{s1}
menu_camp|Rozbiłeś obóz. Co chcesz zrobić?
mno_camp_action|Podejmij działanie.
mno_camp_wait_here|Poczekaj przez jakiś czas.
mno_camp_cheat|MENU KODÓW!
menu_camp_cheat|Wybierz kod:
mno_camp_cheat_find_item|Znajdź przedmiot...
menu_camp_action|Wybierz działanie:
mno_camp_recruit_prisoners|Rekrutuj więźniów do swojej drużyny.
mno_action_read_book|Wybierz książkę do przeczytania.
mno_action_rename_kingdom|Zmień nazwę swojego księstwa.
mno_action_retire|Wycofaj się z przygód.
mno_camp_action_4|Wróć do menu obozu.
menu_camp_recruit_prisoners|Oferujesz więźniom wolność jeżeli zgodzą się dołączyć do Ciebie jako żołnierze.
mno_camp_recruit_prisoners_accept|Przyjmij ich.
mno_camp_recruit_prisoners_reject|Odrzuć.
menu_camp_no_prisoners|Nie masz więźniów z których możesz rekrutować.
menu_camp_action_read_book|Wybierz książkę do przeczytania:
mno_action_read_book_1|{s1}.
mno_action_read_book_2|{s1}.
mno_action_read_book_3|{s1}.
mno_action_read_book_4|{s1}.
mno_action_read_book_5|{s1}.
mno_action_read_book_6|{s1}.
mno_action_read_book_7|{s1}.
menu_camp_action_read_book_start|{s1}
menu_retirement_verify|Dzień {reg0}. Twoje szczęście to {reg1}. Na pewno chcesz się wycofać?
mno_retire_yes|Tak.
mno_retire_no|Nie.
menu_end_game|Decyzja została podjęta, zdecydowałeś się poddać swoje awanturnicze życie i ustatkować się. Sprzedałeś swoją broń i zbroję, zagarnąłeś wszystkie pieniądze i odjechałeś w stronę zachodzącego słońca...
mno_end_game_bye|Żegnaj.
menu_cattle_herd|Napotkałeś stado krów.
mno_cattle_drive_away|Pogoń stado na przód.
mno_cattle_stop|Zatrzymaj stado.
mno_cattle_kill|Zarżnij kilka zwierząt.
mno_leave|Odejdź.
menu_cattle_herd_kill|Ile zwierząt chcesz zarżnąć?
mno_cattle_kill_1|Jedno.
mno_cattle_kill_2|Dwa.
mno_cattle_kill_3|Trzy.
mno_cattle_kill_4|Cztery.
mno_cattle_kill_5|Pięć.
menu_arena_duel_fight|Ty i przeciwnik przygotowujecie się do pojedynku.
menu_simple_encounter|{s2} Masz {reg10} żołnierzy gotowych do walki przeciwko ich {reg11}.
mno_encounter_attack|Zaatakuj przeciwnika.
mno_encounter_order_attack|Rozkaż żołnierzom atakować bez Ciebie.
mno_encounter_leave|Odejdź.
mno_encounter_retreat|Poddaj się zostawiając kilku żołnierzu z tyłu, aby osłaniali Twój odwrót.
mno_encounter_surrender|Poddaj się.
menu_encounter_retreat_confirm|Jako członek drużyny z najwyższymi umiejętnościami taktycznymi, ({reg2}), {reg3?wymyślasz:{s3}wymyśla} plan który pozwala Tobie i Twoim ludziom uciec, ale będziesz zmuszony zostawić za sobą {reg4} żołnierzy, aby powstrzymać przeciwników przed pogonią.
mno_leave_behind|Dalej. Poświęcenie tych ludzi ocali resztę.
mno_dont_leave_behind|Nie. Nikogo nie zostawiamy w tyle.
menu_encounter_retreat|Mówisz {reg4} swoim żołnierzom, aby powstrzymywali przeciwników kiedy Ty i Twoja drużyna się wycofujecie.
menu_order_attack_begin|Twoje siły szykują się do walki.
mno_order_attack_begin|Wydaj rozkaz do ataku.
mno_call_back|Wydaj rozkaz do odwrotu.
menu_order_attack_2|{s4}^^ Twoje straty: {s8}^^Straty przeciwnika: {s9}
mno_order_attack_continue|Wydaj rozkaz do kontynuowania ataku.
mno_order_retreat|Wydaj rozkaz do odwrotu.
menu_battle_debrief|{s11}^^Twoje straty:{s8}{s10}^^Straty przeciwnika:{s9}
menu_total_victory|Nie powinieneś tego czytać... {s9}
menu_enemy_slipped_away|{s17}
menu_permanent_damage|{s0}
mno_s0|{s0}
menu_pre_join|Natknąłeś się na bitwę pomiędzy {s2} i {s1}. Decydujesz, że...
mno_pre_join_help_attackers|Pomóż {s2}.
mno_pre_join_help_defenders|Rusz na pomoc {s1}.
mno_pre_join_leave|Nie mieszaj się.
menu_join_battle|Pomagasz {s2} przeciwko {s1}. Masz {reg10} żołnierzy gotowych do walki przeciwko {reg11} przeciwnikom.
mno_join_attack|Zaatakuj przeciwnika.
mno_join_order_attack|Rozkaż swoim żołnierzom zaatakować z sojusznikami bez Ciebie.
mno_join_leave|Odejdź.
menu_join_order_attack|{s4}^^Twoje straty: {s8}^^Straty sojusznika: {s9}^^Straty przeciwnika: {s10}
menu_zendar|Wkraczasz do miasta Zendar.
; mno_zendar_enter _txss _txss= _txss" "
mno_zendar_enter_door|Drzwi do centrum miasta.
; mno_zendar_tavern _txss _txss= _txss" "
mno_zendar_tavern_door|Drzwi do karczmy.
; mno_zendar_merchant _txss _txss= _txss" "
mno_zendar_merchant_door|Drzwi do kupca.
; mno_zendar_arena _txss _txss= _txss" "
mno_zendar_arena_door|Drzwi na arenę.
; mno_town_1_leave _txss _txss= _txss" "
menu_salt_mine|Wkraczasz do kopalni soli.
mno_enter|Wejdź.
menu_four_ways_inn|Dotarłeś do Tawerny Rozdroże.
menu_test_scene|Wkraczasz na scenę testową.
menu_dhorak_keep|Wkraczasz do Twierdzy Dhorak
menu_join_siege_outside|{s1} jest atakowane przez {s2}.
mno_approach_besiegers|Podejdź do obozu oblężniczego.
mno_pass_through_siege|Omiń front oblężenie i wkrocz do {s1}.
menu_cut_siege_without_fight|Oddziały oblegające miasto pozwalają Ci podejść do wrót bez problemów.
menu_besiegers_camp_with_allies|{s1} jest ciągle oblegane. Chorągwie {s2} powiewają nad obozem oblężniczym, gdzie Ty i Twoi ludzie zostajecie ciepło powitani.
mno_talk_to_siege_commander|Zażądaj spotkania z dowódcą.
mno_join_siege_with_allies|Przyłącz się do następnego ataku.
mno_join_siege_stay_back|Rozkaż swoim żołnierzom przyłączyć się do następnego ataku bez Ciebie.
menu_castle_outside|Jesteś na zewnątrz {s2}. {s11} {s3} {s4}
mno_approach_gates|Podejdź do wrót i zawołaj strażnika.
mno_town_sneak|Przebierz się i spróbuj zakraść do {s7}
mno_castle_start_siege|Zaatakuj {reg6?town:castle}.
mno_castle_leave|Odejdź.
menu_castle_guard|Zbliżasz się do bramy. Ludzie na murach dokładnie Ci się przyglądają.
mno_request_shelter|Zażądaj wejścia do zamku.
mno_request_meeting_commander|Zażądaj spotkania z kimś.
mno_guard_leave|Odejdź.
menu_castle_entry_granted|Po chwili oczekiwania strażnicy otwierają bramę i pozwalają wejść Twojej drużynie.
menu_castle_entry_denied|Lordowie tego zamku zakazali Ci wejścia, a sierżant straży poinformował, że mają rozkaz strzelać jeśli podejdziesz bliżej.
menu_castle_meeting|Z kim chcesz się spotkać?
mno_guard_meet_s5|{s5}.
mno_forget_it|Zapomnij o tym.
menu_castle_meeting_selected|Twoje żądanie spotkania jest przekazane dalej i w końcu {s6} pojawia się na dziedzińcu, aby z Tobą porozmawiać.
menu_castle_besiege|Atakujesz {s1}. {s2} {s3}
mno_siege_request_meeting|Zwołaj spotkanie z dowódcą zamku.
mno_wait_24_hours|Poczekaj do jutra.
mno_castle_lead_attack|Poprowadź żołnierzy do ataku.
mno_attack_stay_back|Rozkaż swoim żołnierzom atak kiedy Ty pozostajesz w tyle...
mno_build_ladders|Przygotuj drabiny, aby zaatakować mury.
mno_build_siege_tower|Zbuduj wieżę oblężniczą.
mno_lift_siege|Poddaj oblężenie.
menu_siege_attack_meets_sally|Obrońcy ruszają na spotkanie Twojego ataku.
menu_castle_besiege_inner_battle|{s1}
menu_construct_ladders|Jako członek drużyny z najwyższymi umiejętnościami w Inżynierii ({reg2}), {reg3?przewidujesz:{s3} przewiduje}, że zbudowanie wystarczającej ilości drabin zajmie {reg4} godzin.
mno_build_ladders_cont|Zrób to.
menu_construct_siege_tower|Jako członek drużyny z najwyższymi umiejętnościami w Inżynierii ({reg2}), {reg3?przewidujesz:{s3} przewiduje}, że zbudowanie wystarczającej ilości wież oblężniczych zajmie {reg4} godzin.
mno_build_siege_tower_cont|Zacznij budowę.
menu_castle_attack_walls_simulate|{s4}^^Twoje straty:{s8}^^Straty przeciwnika: {s9}
menu_castle_attack_walls_with_allies_simulate|{s4}^^Twoje straty: {s8}^^Straty sojusznika: {s9}^^Straty przeciwnika: {s10}
menu_castle_taken_by_friends|Nic tutaj nie ma.
menu_castle_taken|{s3} zostało zdobyte przez Twoje wojska i masz pełną kontrolę nad {reg2?town:castle}.{reg1? Możesz zostawić tutaj swoich żołnierzy, aby bronili przed przeciwnikami próbującymi odzyskać nad nim kontrolę. Powinieneś również zdecydować czy będziesz zarządzał {reg2?town:castle} sam czy oddasz je pod władanie wasalowi...:}
menu_castle_taken_2|{s3} zostało zdobyte przez Twoje wojska, masz pełną kontrolę nad zamkiem. Najwyższy czas dać znać {s9} o Twoim zwycięstwie. {s5}
mno_castle_taken_claim|Zażądaj, aby {s3} przyznano Tobie.
mno_castle_taken_claim_2|Zażądaj, by {s3} przyznano Twojej {żonie/mężowi}.
mno_castle_taken_no_claim|Nie żądaj nagród.
menu_requested_castle_granted_to_player|Otrzymujesz wiadomość od swojego wasala, {s3}.^^ {reg4?Ona:On} zadecydował/a, aby podarować {s2}{reg3? i pobliską wioskę {s4}:} Tobie, ze wszystkimi dobrami i tytułami, aby zarządzać nią w {reg4?her:his} imieniu tak długo jak podtrzymujesz swoją przysięgę.
menu_requested_castle_granted_to_player_husband|Otrzymujesz wiadomość od swojego wasala, {s3}.^^ {reg4?Ona:On} zadecydował/a, aby przyznać {s2}{reg3? i pobliską wioskę {s4}:} Twojemu mężowi, {s7}.
menu_requested_castle_granted_to_another|Otrzymałeś wiadomość od swojego monarchy, {s3}.^^ 'Byłem bardzo zadowolony słysząc o Twoich dzielnych poczynaniach podczas oblężenia {s2}. Twoje zwycięstwo uradowało nasze serca. Zażądałeś również otrzymania zamku na własność, ale obawiam się, że nie mogę na to przystać, ponieważ już jesteś właścicielem pokaźnych ziem w moim królestwie. W zamian wysłałem {reg6} denarów, aby pokryć Twoje wydatki związane z kampanią, ale {s2} oddaję {s5}.
mno_accept_decision|Zaakceptuj decyzję.
mno_leave_faction|Zostałeś pokrzywdzony! Zrzec się przysięgi do suzerena!
menu_requested_castle_granted_to_another_female|Otrzymałeś wiadomość od swojego monarchy, {s3}.^^ 'Byłem bardzo zadowolony słysząc o Twoich dzielnych poczynaniach podczas oblężenia {s2}. Twoje zwycięstwo uradowało nasze serca. Zażądałeś również przyznania zamku Twojemu mężowi, ale obawiam się, że nie mogę na to przystać, ponieważ jest już on właścicielem pokaźnych ziem w moim królestwie. W zamian wysłałem {reg6} denarów, aby pokryć Twoje wydatki związane z kampanią, ale {s2} oddaję {s5}.
menu_leave_faction|Zrzeczenie się przysięgi jest poważnym czynem. Twój lord może Cię potępić i skonfiskować Twoje włości. Jednakże jeśli zdecydujesz się oddać je z własnej woli, może zapomnieć o Twojej zdradzie bez walki.
mno_leave_faction_give_back|Zrzeknij się przysięgi i oddaj włości.
mno_leave_faction_hold|Zrzeknij się przysięgi i rządź swoimi ziemiami, włączając w to {s2}, we własnym imieniu.
mno_leave_faction_cancel|Pozostań lojalny i zaakceptuj decyzję.
menu_give_center_to_player|Twój lord oferuje powiększyć Twoje włości! {s1} informuje, że jest gotowy przyznać Ci {s2} za Twoją lojalną służbę, powiększając Twoją własność. Jaka jest Twoja odpowiedź?
mno_give_center_to_player_accept|Zaakceptuj ofertę.
mno_give_center_to_player_reject|Odrzuć. Nie jesteś zainteresowany {s2}.
menu_give_center_to_player_2|Po krótkiej ceremonii zostałeś oficjalnie uznany za nowego władcę {s2}{reg3? i przyległej wioski {s4}:}. {reg3?One:Ono} będą świetną częścią Twojego lenna. Możesz teraz odbierać przychody z Twoich posiadłości, zaciągać wojsko z ludności i zarządzać ziemiami wedle uznania. Jednakże oczekuje się od Ciebie ochrony swoich ziem i ludności oraz rządzić sprawiedliwie.
menu_oath_fulfilled|Miałeś kontrakt z {s1}, aby służyć mu przez określony czas. Twój kontrakt wygasł. Co zrobisz?
mno_renew_oath|Odnów swój kontrakt z {s1} na kolejny miesiąc.
mno_dont_renew_oath|Uwolnij się od zobowiązania.
menu_siege_started_defender|{s1} rozpoczyna atak przeciwko {s2}. Masz {reg10} żołnierzy gotowych do walki przeciwko ich {reg11}. Decydujesz, aby...
mno_siege_defender_join_battle|Przyłączyć się do walki.
mno_siege_defender_troops_join_battle|Rozkaż żołnierzom atakować bez Ciebie.
menu_siege_join_defense|{s4}^^Twoje straty: {s8}^^Straty sojusznika: {s9}^^Straty przeciwnika: {s10}
menu_enter_your_own_castle|{s10}
menu_village|{s10} {s12}^{s11}^{s6}{s7}
mno_village_manage|Zarządzaj tą wioską.
mno_recruit_volunteers|Rekrutuj.
mno_village_center|Przejdź do centrum wioski.
mno_village_center_door|Drzwi do centrum wioski.
mno_village_buy_food|Kup zapasy od chłopów.
mno_village_attack_bandits|Zaatakuj bandytów.
mno_village_wait|Poczekaj trochę czasu.
mno_collect_taxes_qst|{reg5?Kontynuuj zbieranie podatków: Zbieraj podatki} z {s1}.
mno_train_peasants_against_bandits_qst|Trenuj chłopów.
mno_village_hostile_action|Podejmij wrogie działania.
mno_village_leave|Odejdź...
menu_village_hostile_action|Jakie działanie masz na myśli?
mno_village_take_food|Zmuś chłopów do oddania zapasów.
mno_village_steal_cattle|Ukradnij bydło.
mno_village_loot|Ograb i spal wioskę.
menu_recruit_volunteers|{s18}
mno_continue_not_enough_gold|Nie mam wystarczająco dużo pieniędzy...
mno_recruit_them|Zrekrutuj ({reg6} denarów).
menu_village_hunt_down_fugitive_defeated|Mocne uderzenie od uciekiniera powala Cię na ziemię, kręci Ci się w głowie i wszystko ciemnieje. Czas mija. Kiedy ponownie otwierasz oczy okazuje się, że jesteś zakrwawiony i poobijany, ale żadna z ran nie wydaje się śmiertelna.
menu_village_infest_bandits_result|{s9}
menu_village_infestation_removed|W walce wartej pieśni, Ty i Twoi ludzi wypędziliście bandytów z wioski, sprawiając że ponownie stała się bezpieczna. Mieszkańcy wioski nie mają wiele kosztowności po całym zajściu, ale oferują Ci wszystko co mogą.
mno_village_bandits_defeated_accept|Przyjmij jako rozsądną nagrodę.
mno_village_bandits_defeated_cont|Odmów, twierdząc że oni potrzebują tego bardziej niż Ty.
; menu_center_manage|{s19}^{reg6?^^You are currently building {s7}. The building will be completed after {reg8} day{reg9?s:}.:}
mno_center_build_manor|Zbuduj willę.
mno_center_build_fish_pond|Zbuduj młyn.
mno_center_build_watch_tower|Zbuduj wieżę strażniczą.
mno_center_build_school|Zbuduj szkołę.
mno_center_build_messenger_post|Zbuduj słup ogłoszeniowy.
mno_center_build_prisoner_tower|Zbuduj więzienie.
; menu_center_improve|{s19} As the party member with the highest engineer skill ({reg2}), {reg3?you reckon:{s3} reckons} that building the {s4} will cost you {reg5} denars and will take {reg6} days.
; mno_improve_cont|Go on.
mno_improve_not_enough_gold|Nie mam wystarczająco dużo pieniędzy.
menu_town_bandits_failed|{s4}{s5}
; menu_town_bandits_succeeded|The bandits fall before you as wheat to a scythe! Soon you stand alone in the streets while most of your attackers lie unconscious, dead or dying. Searching the bodies, you find a purse which must have belonged to a previous victim of these brutes. Or perhaps, it was given to them by someone who wanted to arrange a suitable ending to your life.
; menu_village_steal_cattle_confirm|As the party member with the highest looting skill ({reg2}), {reg3?you reckon:{s1} reckons} that you can steal as many as {reg4} heads of village's cattle.
mno_village_steal_cattle_confirm|Dalej.
menu_village_steal_cattle|{s1}
; menu_village_take_food_confirm|It will be difficult to force and threaten the peasants into giving their precious supplies. You think you will need at least one hour.
mno_village_take_food_confirm|Dalej.
; menu_village_take_food|The villagers grudgingly bring out what they have for you.
mno_take_supplies|Weź zapasy.
mno_let_them_keep_it|Pozwól im je zachować.
menu_village_start_attack|Część rozzłoszczonych chłopów łapie swoje narzędzia i gotowi są stawiać opór. Wygląda na to, że jeśli będziesz kontynuował wybuchnie walka.
mno_village_raid_attack|Zaatakuj ich.
mno_village_raid_leave|Opuść wioskę.
menu_village_loot_no_resist|Chłopów jest kilku i są przestraszeni, szybko rozbiegają się i stają przed Tobą. Wioska jest zdana na Twoją łaskę.
; menu_village_loot_complete|On your orders your troops sack the village, pillaging everything of any value, and then put the buildings to the torch. From the coins and valuables that are found, you get your share of {reg1} denars.
; menu_village_loot_defeat|Fighting with courage and determination, the villagers manage to hold together and drive off your forces.
menu_village_loot_continue|Czy chcesz ograbić wioskę?
mno_disembark_yes|Tak.
mno_disembark_no|Nie.
menu_close|Nic.
menu_town|{s10} {s14}^{s11}{s12}{s13}
mno_castle_castle|Idź do sali Lorda{s1}.
mno_castle_castle_door|Drzwi do zamku.
mno_join_tournament|Dołącz do turnieju.
mno_town_castle|Idź do zamku{s1}.
mno_town_castle_door|Drzwi do zamku.
mno_town_center|Przejdź się po ulicach.
mno_town_center_door|Drzwi do środka miasta.
mno_town_tavern|Odwiedź tawernę
mno_town_tavern_door|Drzwi do tawerny.
mno_town_merchant|Porozmawiaj z kupcem.
mno_town_merchant_door|Drzwi do sklepu.
mno_town_arena|Wejdź do areny.
mno_town_arena_door|Drzwi do areny.
mno_town_dungeon|Nigdy: Nie traf do więzienia.
mno_town_dungeon_door|Drzwi do lochu.
mno_castle_inspect|Przejdź się po dziedzińcu.
mno_castle_inspect_door|Do dziedzińca zamku.
mno_town_enterprise|Odwiedź{s3}.
; mno_town_enterprise_door|Door to your enterprise.
mno_visit_lady|Spróbuj odwiedzić damę
mno_visit_lady_door|Drzwi do ogrodu.
mno_trade_with_merchants|Idź na targowisko.
mno_walled_center_manage|Zarządzaj tym {reg0?town:castle}.
mno_walled_center_move_court|Rusz się tu.
mno_castle_station_troops|Zarządzaj garnizonem {s10}
mno_castle_wait|Zaczekaj tutaj jakiś czas{s1}.
mno_town_leave|Odejdź...
mno_town_leave_door|Opuść obszar.
menu_cannot_enter_court|W sali lorda w tej chwili trwa biesiada i nie masz odpowiedniego statusu aby wejść do środka. Może poprawa twojej renomy zapewni ci wstęp lub spróbuj wykazać się na turnieju w trakcie biesiady.
; menu_lady_visit|Whom do you wish to visit?
mno_visit_lady_1|Odwiedź {s12}
mno_visit_lady_2|Odwiedź {s12}
mno_visit_lady_3|Odwiedź {s12}
mno_visit_lady_3_door|Drzwi do ogrodu.
mno_visit_lady_4|Odwiedź {s12}
mno_visit_lady_5|Odwiedź {s12}
mno_visit_lady_6|Odwiedź {s12}
mno_visit_lady_7|Odwiedź {s12}
mno_visit_lady_8|Odwiedź {s12}
menu_town_tournament_lost|Zostałeś wyeliminowany z turnieju.{s8}
menu_town_tournament_won|Wygrałeś turniej {s3}! Jesteś pełny dumy, kiedy tłum wykrzykuje twe imię. Razem z honorem, rozgłosem i chwałą dostajesz {reg9} denarów. {s8}
; menu_town_tournament_won_by_another|As the only {reg3?fighter:man} to remain undefeated this day, {s1} wins the lists and the glory of this tournament.
menu_town_tournament|{s1}Jesteś na etapie {reg0} turnieju, z {reg1} pozostałymi uczestnikami. W następnej rundzie będzie {reg2} drużyn z {reg3} {reg4?fighters:fighter} każda.
mno_tournament_view_participants|Pokaż uczestników.
mno_tournament_bet|Postaw zakład na siebie.
mno_tournament_join_next_fight|Walcz w następnej rundzie.
mno_leave_tournament|Wycofaj się z turnieju.
menu_tournament_withdraw_verify|Jesteś pewien, że chcesz się wycofać?
mno_tournament_withdraw_yes|Tak. To jest bezcelowe udawanie.
mno_tournament_withdraw_no|Nie, dopóki jest szansa na zwycięstwo!
; menu_tournament_bet|The odds against you are {reg5} to {reg6}.{reg1? You have already bet {reg1} denars on yourself, and if you win, you will earn {reg2} denars.:} How much do you want to bet?
mno_bet_100_denars|100 denarów.
mno_bet_50_denars|50 denarów.
mno_bet_20_denars|20 denarów.
mno_bet_10_denars|10 denarów.
mno_bet_5_denars|5 denarów.
menu_tournament_bet_confirm|Jeśli postawisz {reg1} denarów, wygrasz {reg2} denarów jeżeli wygrasz turniej. W porządku?
mno_tournament_bet_accept|Dalej.
mno_tournament_bet_cancel|Zapomnij o tym.
menu_tournament_participants|Pytasz się jednego z heraldów o nazwiska zawodników turnieju. Są tam:^{s11}
; menu_collect_taxes|As the party member with the highest trade skill ({reg2}), {reg3?you expect:{s1} expects} that collecting taxes from here will take {reg4} days...
mno_start_collecting|Zacznij zbierać.
mno_collect_later|Przełóż to na później.
menu_collect_taxes_complete|Zebrałeś {reg3} denarów z podatków od {s3}. {s19} będzie się spodziewał, że zabierzesz pieniądze do niego.
menu_collect_taxes_rebels_killed|Twoja szybka reakcja i silna ręka skutecznie zatrzymała bunt. Na pewno, każdy o rebelii pomyśli dwa razy zanim cię zaatakuje.
menu_collect_taxes_failed|Udało ci się uzbierać tylko {reg3} denarów w podatkach od {s3} przed wybuchem buntu. {s1} nie będzie szczęśliwy, ale trochę srebra udobrucha go lepiej niż nic...
menu_collect_taxes_revolt_warning|Ludzie {s3} są oburzeni twoimi wymaganiami i uważają to za nic więcej jak szantaż. Stają się niespokojni i mogą źle zareagować, jeśli nadal będziesz ich naciskać.
mno_continue_collecting_taxes|Ignoruj i kontynuuj.
mno_halve_taxes|Zgódź się na redukcję o połowę. ({s1} może być pogniewany)
menu_collect_taxes_revolt|Zbieranie podatków zostaje przerwane w {s3}. Duża grupa złych {reg9?peasants:townsmen} zbliża się, krzyczy na temat ogromnych podatków i macha pochodniami i bronią. Zamierzają się bić z tobą!
; menu_train_peasants_against_bandits|As the party member with the highest training skill ({reg2}), {reg3?you expect:{s1} expects} that getting some peasants ready for practice will take {reg4} hours.
mno_make_preparation|Trenuj ich.
mno_train_later|Przełóż to na później.
menu_train_peasants_against_bandits_ready|Nauczyłeś chłopów podstaw żołnierki, dyscypliny i posłuszeństwa. Myślisz, że {reg0} z nich {reg1?have:has} w pełni pojęli trening i {reg1?are:is} gotów zadań.
mno_peasant_start_practice|Zacznij treningową walkę.
menu_train_peasants_against_bandits_training_result|{s0}
menu_train_peasants_against_bandits_attack|Kiedy przygotowujesz się do kontynuowania treningu wartownik z wioski przybiega do ciebie, krzycząc na alarm. Bandyci zostali zauważeni na horyzoncie, jadą do {s3}. Rada błaga cię by przetestować nowo wytrenowaną milicję i stawić im czoła.
mno_peasants_against_bandits_attack_resist|Przygotuj się na walkę!
menu_train_peasants_against_bandits_attack_result|{s9}
menu_train_peasants_against_bandits_success|Bandyci są załamani! Resztki uciekają w popłochu i strachu przed wieśniakami i ich nowym dowódcą. Chłopom zostało mało majątku, ale oferują co mogą znaleźć aby ci się odwdzięczyć.
menu_disembark|Czy chcesz wysiąść?
menu_ship_reembark|Czy chcesz wsiąść?
mno_reembark_yes|Tak.
mno_reembark_no|Nie.
menu_center_reports|Nazwa miasta: {s1}^Przychód czynszu: {reg1} denarów^Przychód od cła: {reg2} denarów^Zapas jedzenia: na {reg3} dni
mno_to_price_and_productions|Pokaż ceny i wytwory.
menu_price_and_production|Wytwory są:^(Uwaga: zmodyfikowane przez surowce/zmodyfikowane przez materiały oraz dostatek)^{s1}^^Czynniki cenowe są:^{s2}
menu_town_trade|Podążasz w kierunku targowiska.
mno_assess_prices|Oszacuj lokalne ceny.
mno_trade_with_arms_merchant|Handluj ze sprzedawcą broni.
mno_trade_with_armor_merchant|Handluj ze sprzedawcą pancerza.
mno_trade_with_horse_merchant|Handluj ze sprzedawcą koni.
mno_trade_with_goods_merchant|Handluj ze sprzedawcą towarów.
mno_back_to_town_menu|Zawróć.
; menu_town_trade_assessment_begin|You overhear several discussions about the price of trade goods across the local area.^You listen closely, trying to work out the best deals around.
; menu_town_trade_assessment|As the party member with the highest trade skill ({reg2}), {reg3?you try to figure out:{s1} tries to figure out} the best goods to trade in. {s2}
; menu_sneak_into_town_suceeded|Disguised in the garments of a poor pilgrim, you fool the guards and make your way into the town.
; menu_sneak_into_town_caught|As you try to sneak in, one of the guards recognizes you and raises the alarm! You must flee back through the gates before all the guards in the town come down on you!
mno_sneak_caught_fight|Spróbuj wywalczyć swoją drogę!
mno_sneak_caught_surrender|Poddaj się.
menu_sneak_into_town_caught_dispersed_guards|Odciągasz straże i zacierasz ślady przed ucieknięciem i łatwo tracisz pościg w labiryncie ulic.
; menu_sneak_into_town_caught_ran_away|You make your way back through the gates and quickly retreat to the safety of the countryside.{s11}
; menu_enemy_offer_ransom_for_prisoner|{s2} offers you a sum of {reg12} denars in silver if you are willing to sell him {s1}.
mno_ransom_accept|Zaakceptuj ofertę.
mno_ransom_reject|Odrzuć ofertę.
menu_training_ground|Podchodzisz do dziedzińca szkoleniowego, gdzie możesz poćwiczyć swoje umiejętności wojenne. Jaki typ treningu chcesz wybrać ?
mno_camp_trainer|Porozmawiaj z trenerem.
mno_camp_train_melee|Sparing.
mno_camp_train_archery|Sparing z bronią zasięgową.
mno_camp_train_mounted|Sparing na koniu.
menu_training_ground_selection_details_melee_1|Z iloma napastnikami chcesz się zmierzyć?
mno_camp_train_melee_num_men_1|Jednym.
mno_camp_train_melee_num_men_2|Dwoma.
mno_camp_train_melee_num_men_3|Trzema.
mno_camp_train_melee_num_men_4|Czterema.
menu_training_ground_selection_details_melee_2|Wybierz swojego przeciwnika #{reg1}:
mno_training_ground_selection_details_melee_random|Wybierz przypadkowo.
menu_training_ground_selection_details_mounted|Jakim typem broni chcesz trenować?
mno_camp_train_mounted_details_1|Bronią jednoręczną.
mno_camp_train_mounted_details_2|Bronią drzewcową.
mno_camp_train_mounted_details_3|Łukiem.
mno_camp_train_mounted_details_4|Bronią rzucaną.
menu_training_ground_selection_details_ranged_1|Jakim typem broni zasięgowej chcesz trenować?
mno_camp_train_ranged_weapon_bow|Łukiem i strzałami.
mno_camp_train_ranged_weapon_crossbow|Kuszą.
mno_camp_train_ranged_weapon_thrown|Nożami do rzucania.
menu_training_ground_selection_details_ranged_2|Na jakim dystansie chcesz ćwiczyć?
mno_camp_train_ranged_details_1|10 metrów.
mno_camp_train_ranged_details_2|20 metrów.
mno_camp_train_ranged_details_3|30 metrów.
mno_camp_train_ranged_details_4|40 metrów.
mno_camp_train_ranged_details_5|50 metrów.
mno_camp_train_ranged_details_6|60 metrów.
mno_camp_train_ranged_details_7|70 metrów.
menu_training_ground_description|{s0}
menu_training_ground_training_result|{s7}{s2}
; menu_marshall_selection_candidate_ask|{s15} will soon select a new marshall for {s23}. Some of the lords have suggested your name as a likely candidate.
; mno_marshall_candidate_accept|Let {s15} learn that you are willing to serve as marshall.
mno_marshall_candidate_reject|Powiedz wszystkim, że jesteś teraz zajęty.
; menu_captivity_avoid_wilderness|Suddenly all the world goes black around you. Many hours later you regain your conciousness and find yourself at the spot you fell. Your enemies must have taken you up for dead and left you there. However, it seems that none of your wound were lethal, and altough you feel awful, you find out that can still walk. You get up and try to look for any other survivors from your party.
; menu_captivity_start_wilderness|Stub
; menu_captivity_start_wilderness_surrender|Stub
menu_captivity_start_wilderness_defeat|Przeciwnik wziął cię w niewole.
; menu_captivity_start_castle_surrender|Stub
; menu_captivity_start_castle_defeat|Stub
menu_captivity_start_under_siege_defeat|Przeciwnik wziął cię w niewole.
menu_captivity_wilderness_taken_prisoner|Przeciwnik wziął cię w niewole.
; menu_captivity_wilderness_check|stub
; menu_captivity_end_wilderness_escape|After painful days of being dragged about as a prisoner, you find a chance and escape from your captors!
; menu_captivity_castle_taken_prisoner|You are quickly surrounded by guards who take away your weapons. With curses and insults, they throw you into the dungeon where you must while away the miserable days of your captivity.
; menu_captivity_rescue_lord_taken_prisoner|You remain in disguise for as long as possible before revealing yourself. The guards are outraged and beat you savagely before throwing you back into the cell for God knows how long...
; menu_captivity_castle_check|stub
; menu_captivity_end_exchanged_with_prisoner|After days of imprisonment, you are finally set free when your captors exchange you with another prisoner.
; menu_captivity_end_propose_ransom|You spend long hours in the sunless dank of the dungeon, more than you can count. Suddenly one of your captors enters your cell with an offer; he proposes to free you in return for {reg5} denars of your hidden wealth. You decide to...
mno_captivity_end_ransom_accept|Akceptuj ofertę.
mno_captivity_end_ransom_deny|Odrzuć go i poczekaj na coś lepszego.
; menu_captivity_castle_remain|More days pass in the darkness of your cell. You get through them as best you can, enduring the kicks and curses of the guards, watching your underfed body waste away more and more...
; menu_kingdom_army_quest_report_to_army|{s8} sends word that he wishes you to join {reg4?her:his} new military campaign. You need to bring at least {reg13} troops to the army, and are instructed to raise more men with all due haste if you do not have enough.
; menu_kingdom_army_quest_messenger|{s8} sends word that he wishes to speak with you about a task he needs performed. He requests you to come and see him as soon as possible.
; menu_kingdom_army_quest_join_siege_order|{s8} sends word that you are to join the siege of {s9} in preparation for a full assault. Your troops are to take {s9} at all costs.
; menu_kingdom_army_follow_failed|You have failed to follow {s8}. The marshal assumes that you were otherwise engaged, but would have appreciated your support.
; menu_invite_player_to_faction_without_center|You receive an offer of vassalage!^^ {s8} of {s9} has sent a royal herald to bring you an invititation in his own hand. You would be granted the honour of becoming a vassal {lord/lady} of {s9}, and in return {s8} asks you to swear an oath of homage to him and fight in his military campaigns, although he offers you no lands or titles. He will surely be offended if you do not take the offer...
mno_faction_accept|Zaakceptowano!
mno_faction_reject|Odrzuć zaproszenie
; menu_invite_player_to_faction|You receive an offer of vassalage!^^ {s8} of {s9} has sent a royal herald to bring you an invititation in his own hand. You would be granted the honour of becoming a vassal {lord/lady} of {s9}, and in return {s8} asks you to swear an oath of homage to him and fight in his military campaigns, offering you the fief of {s2} for your loyal service. He will surely be offended if you do not take the offer...
; menu_invite_player_to_faction_accepted|In order to become a vassal, you must swear an oath of homage to {s3}. You shall have to find him and give him your oath in person. {s5}
; menu_question_peace_offer|You Receive a Peace Offer^^The {s1} offers you a peace agreement. What is your answer?
mno_peace_offer_accept|Akceptowano
mno_peace_offer_reject|Odrzucono
menu_notification_truce_expired|Koniec rozejmu^^Rozejm pomiędzy {s1} i {s2} zakończył się.
menu_notification_feast_quest_expired|{s10}
; menu_notification_sortie_possible|Enemy Sighted: Enemies have been sighted outside the walls of {s4}, and {s5} and others are preparing for a sortie. You may join them if you wish.
; menu_notification_casus_belli_expired|Kingdom Fails to Respond^^The {s1} has not responded to the {s2}'s provocations, and {s3} suffers a loss of face among {reg4?her:his} more bellicose subjects...^
; menu_notification_lord_defects|Defection: {s4} has abandoned the {s5} and joined the {s7}, taking {reg4?her:his} his fiefs with him
; menu_notification_treason_indictment|Treason Indictment^^{s9}
; menu_notification_border_incident|Border incident^^Word reaches you that {s9}. Though you don't know whether or not the rumors are true, you do know one thing -- this seemingly minor incident has raised passions among the {s4}, making it easier for them to go to war against the {s3}, if they want it...
; menu_notification_player_faction_active|You now possess land in your name, without being tied to any kingdom. This makes you a monarch in your own right, with your court temporarily located at {s12}. However, the other kings in Calradia will at first consider you a threat, for if any upstart warlord can grab a throne, then their own legitimacy is called into question.^^You may find it desirable at this time to pledge yourself to an existing kingdom. If you want to continue as a sovereign monarch, then your first priority should be to establish an independent right to rule. You can establish your right to rule through several means -- marrying into a high-born family, recruiting new lords, governing your lands, treating with other kings, or dispatching your companions on missions.^^At any rate, your first step should be to appoint a chief minister from among your companions, to handle affairs of state. Different companions have different capabilities.^You may appoint new ministers from time to time. You may also change the location of your court, by speaking to the minister.
; mno_appoint_spouse|Appoint your wife, {s10}...
; mno_appoint_npc1|Appoint {s10}
; mno_appoint_npc2|Appoint {s10}
; mno_appoint_npc3|Appoint {s10}
; mno_appoint_npc4|Appoint {s10}
; mno_appoint_npc5|Appoint {s10}
; mno_appoint_npc6|Appoint {s10}
; mno_appoint_npc7|Appoint {s10}
; mno_appoint_npc8|Appoint {s10}
; mno_appoint_npc9|Appoint {s10}
; mno_appoint_npc10|Appoint {s10}
; mno_appoint_npc11|Appoint {s10}
; mno_appoint_npc12|Appoint {s10}
; mno_appoint_npc13|Appoint {s10}
; mno_appoint_npc14|Appoint {s10}
; mno_appoint_npc15|Appoint {s10}
; mno_appoint_npc16|Appoint {s10}
; mno_appoint_default|Appoint a prominent citizen from the area...
; menu_minister_confirm|{s9}can be found at your court in {s12}. You should consult periodically, to avoid the accumulation of unresolved issues that may sap your authority...
menu_notification_court_lost|{s12}
; menu_notification_player_faction_deactive|Your kingdom no longer holds any land.
; menu_notification_player_wedding_day|{s8} wishes to inform you that preparations for your wedding at {s10} have been complete, and that your presence is expected imminently .
menu_notification_player_kingdom_holds_feast|{s11}
menu_notification_center_under_siege|{s1} zostało oblężone przez {s2} z {s3}!
; menu_notification_village_raided|Enemies have Laid Waste to a Fief^^{s1} has been raided by {s2} of {s3}!
menu_notification_village_raid_started|Twoja wioska jest pod Atakiem!^^{s2} z {s3} próbuje ograbić {s1}.
; menu_notification_one_faction_left|Calradia Conquered by One Kingdom^^{s1} has defeated all rivals and stands as the sole kingdom.
; menu_notification_oath_renounced_faction_defeated|Your Old Faction was Defeated^^You won the battle against {s1}! This ends your struggle which started after you renounced your oath to them.
; menu_notification_center_lost|An Estate was Lost^^You have lost {s1} to {s2}.
; menu_notification_troop_left_players_faction|Betrayal!^^{s1} has left {s2} and joined {s3}.
menu_notification_troop_joined_players_faction|Dobre wieści!^^{s1} odszedł z {s2} i dołączył do {s3}.
menu_notification_war_declared|Deklaracja wojnyr^^{s1} wypowiedziało wojnę przeciw {s2}!
menu_notification_peace_declared|Umowa pokojowa^^{s1} i {s2} podpisali rozejm!^{s57}
menu_notification_faction_defeated|Frakcja wyeliminowana^^{s1} już nie istnieje!
menu_notification_rebels_switched_to_faction|Udana Rebelia^^ Rebelia udała się! Twoja frakcja kontroluje {s11}, z {s12} jako władcą.
; menu_notification_player_should_consult|Your minister send words that there are problems brewing in the realm which, if left untreated, could sap your authority. You should consult with him at your earliest convenience
; menu_notification_player_feast_in_progress|Feast in Preparation^^Your wife has started preparations for a feast in your hall in {s11}
; menu_notification_lady_requests_visit|An elderly woman approaches your party and passes one of your men a letter, sealed in plain wax. It is addressed to you. When you break the seal, you see it is from {s15}. It reads, 'I so enjoyed your last visit. {s14} I am currently in {s10}.{s12}'
menu_garden|{s12}
mno_nurse|Idź z pielęgniarką
; menu_kill_local_merchant_begin|You spot your victim and follow him, observing as he turns a corner into a dark alley. This will surely be your best opportunity to attack him.
menu_debug_alert_from_s65|DEBUG ALERT: {s65}
; menu_auto_return_to_map|stub
menu_bandit_lair|{s3}
mno_continue_1|Zaatakuj kryjówkę...
mno_leave_no_attack|Odejdź...
mno_leave_victory|Kontynuuj...
mno_leave_defeat|Kontynuuj...
; menu_notification_player_faction_political_issue_resolved|After consulting with the peers of the realm, {s10} has decided to confer {s11} on {s12}.
; menu_notification_player_faction_political_issue_resolved_for_player|After consulting with the peers of the realm, {s10} has decided to confer {s11} on you. You may decline the honor, but it will probably mean that you will not receive other awards for a little while.{s12}
; mno_accept|Accept the honor
; mno_decline|Decline the honor
; menu_start_phase_3|{s16}^^You are exhausted by the time you find the inn in {s1}, and fall asleep quickly. However, you awake before dawn and are eager to explore your surroundings. You venture out onto the streets, which are still deserted. All of a sudden, you hear a sound that stands the hairs of your neck on end -- the rasp of a blade sliding from its scabbard...
menu_start_phase_4|{s11}
menu_lost_tavern_duel|{s11}
; menu_establish_court|To establish {s4} as your court will require a small refurbishment. In particular, you will need a set of tools and a bolt of velvet. it may also take a short while for some of your followers to relocate here. Do you wish to proceed?
; mno_establish|Establish {s4} as your court
; menu_notification_relieved_as_marshal|{s4} wishes to inform you that your services as marshal are no longer required. In honor of valiant efforts on behalf of the realm over the last {reg4} days, however, {reg8?she:he} offers you a purse of {reg5} denars.
