"qstr_Next_Page|Prossima Pagina"
qstr_Game_Rules:^|Game Rules:^
qstr_0|0
"qstr_Show_game_rules|Mostra le regole del gioco"
"qstr_Continue...|Continua..."
"qstr_Candidate_#1:_{s1}|Candidato #1: {s1}"
"qstr_Candidate_#2:_{s1}|Candidato #2: {s1}"
"qstr_{s3}_of_{s4}_wishes_|{s3} da {s4} vuole nominare un nuovo Comandante d'armata e chiama i suoi vassalli in consiglio. {s1} e {s2} sono i possibili candidati."
"qstr_Who_do_you_wish_to_s|A chi vuoi dare il tuo voto?"
"qstr_{s1}_gives_his_suppo|{s1} dà il suo voto a {s2}."
"qstr_Number_of_Supporters|Numero di voti: {reg0}"
"qstr_{s2}_has_heard_his_v|{s2} ha valutato il consiglio dei suoi vassalli. È stato scelto {s1} quale Comandante d'armata di {s3}."
"qstr_Action|Azione"
"qstr_Mount|Monta"
"qstr_Attack_Type|Tipo d'attacco"
"qstr_Stand_Ground|Resistete!"
"qstr_Charge|Carica!"
"qstr_Follow_Me|Seguitemi!"
"qstr_Hold_This_Position|Tenete questa posizione!"
"qstr_Spread_Out|Dispiegatevi!"
"qstr_Stand_Closer|Serrate i ranghi!"
"qstr_Fall_Back|Ripiegate!"
"qstr_Advance|Avanzate!"
"qstr_Dismount|Smontate!"
"qstr_Fire_At_Will|Tirate a Volontà!"
"qstr_Hold_Your_Fire|Non tirate!"
"qstr_Use_Blunt_Weapons|Usate armi contundenti!"
"qstr_Use_Any_Weapon|Usate armi a scelta!"
"qstr_Ready|Pronto"
"qstr_Wounded|Feriti"
"qstr_Dead|Morti"
"qstr_Number_of_men_knocke|Numero di uomini storditi: {reg1}"
"qstr_Number_of_men_left:_|Numero di uomini fuggiti: {reg1}"
"qstr_Opponents_Beaten:_{r|Avversari battuti: {reg1}"
"qstr_Opponents_Remaining:|Avversari Rimasti: {reg1}"
"qstr_Remain_in_retirement|Conferma la tua decisione."
"qstr_Go_back_to_the_adven|Torna all'avventura."
"qstr_You_have_retired_at_|Hai scelto di ritirarti al livello {reg4} dopo {reg5} giorni di avventura."
"qstr_Effect_on_Score|Effetto sul Punteggio"
"qstr_Settlements_owned_by|Insediamenti posseduti: {reg0}"
"qstr_Friendly_Settlements|Insediamenti Amici: {reg0}"
"qstr_Hostile_Settlements:|Insediamenti Ostili: {reg0}"
"qstr_Friendly_lords:_{reg|lords Amici: {reg0}"
"qstr_Enemy_lords:_{reg0}|lords Nemici: {reg0}"
"qstr_Victories:_{reg0}|Vittorie: {reg0}"
"qstr_Defeats:_{reg0}|Sconfitte: {reg0}"
"qstr_Quests_Completed:_{r|Missioni Completate: {reg0}"
"qstr_Companions_Found:_{r|Compagni Trovati: {reg0}"
"qstr_Companions_Lost/Depa|Compagni Persi/Partiti: {reg0}"
"qstr_Wealth:_{reg0}_denar|Ricchezze: {reg0} denari"
"qstr_Inventory:_{reg0}_de|Inventario: {reg0} denari"
"qstr_Renown:_{reg0}|Fama: {reg0}"
"qstr_Experience:_{reg0}|Esperienza: {reg0}"
"qstr_Days_Passed:_{reg0}|Giorni Passati: {reg0}"
"qstr_Difficulty:_{reg0}%|Difficoltà: : {reg0}%"
"qstr_TOTAL_SCORE:_{reg0}|TOTALE: {reg0}"
"qstr_None|Nessuno"
qstr_{s1}_of_{s3}_was_def|{s1} del {s3} è stato battuto in battaglia, ma è riuscito a fuggire. 
qstr_{s54}_is_a_claimant_|{s54} è un pretendente al trono di {s56}.
qstr_nowhere|da nessuna parte
qstr_{s57}_and_{s58}|{s57} e {s58}
qstr_{reg3?She:He}|{reg3?Lei:Lui}
qstr_The_town_of_{s50}|La città di {s50}
qstr_The_village_of_{s50}|Il villaggio di {s50} vicino a {s52}
qstr_{s51}_belongs_to_{s1|{s51} appartiene a {s1} del {s2}.^
qstr_{s7}_and_{s8}|{s7} e {s8}
qstr_{s2}It_has_no_villag|{s2} non ha villaggi.^
qstr_{s2}{reg0?Its_villag|{s2}{reg0?I suoi villaggi sono:Il suo villaggio è} {s8}.^
qstr_{s2}Its_prosperity_i|{s2}La sua prosperità è: {s50}
qstr_noone|nessuno
qstr_{s9}_and_{s10}|{s9} e {s10}
qstr_{s5}_has_been_defeat|{s5} è stato sconfitto!
qstr_{s7}_opened_the_gate|{s7} aprì il cancello
qstr_{s7}_closed_the_gate|{s7} chiuse il cancello
qstr_+{reg1}_to_party_mor|+{reg1} al morale delle truppe 
qstr_Requires_{reg1}_inte|Richiesti {reg1} d'intelligenza per leggerlo 
"qstr_Reading_Progress:_{r|Progressi Lettura: {reg1}%"
"qstr_wound_treament|Pronto soccorso"
"qstr_trainer|Addestramento"
"qstr_surgery|Chirurgia"
"qstr_+1_to_{s1}_while_in_|+1 in {s1} mentre sta nell'inventario"
"qstr_Move_here|Muovi qui"
"qstr_View_notes|Guarda le Note"
qstr_Accompany|Scorta
"qstr_killed|uccisi"
"qstr_wounded|feriti"
qstr_{s0}^TOTAL:_{reg3}__|{s0}^TOTALE: {reg3} ({s2})
"qstr_^None|^Nessuno"
"qstr_nothing|niente"
"qstr_{reg0}_village{reg1?|{reg0} villaggio{reg1?s:}"
"qstr_{reg0}_castle{reg1?s|{reg0} castello{reg1?s:}"
"qstr_{reg0}_castle{reg1?s:|{reg0} castello{reg1?s:} e {s0}"
"qstr_{reg0}_town{reg1?s:}|{reg0} città {reg1?/i:}"
"qstr_{reg0}_town{reg1?s:}_|{reg0} città {reg1?/i:} e {s0}"
"qstr_{reg0}_town{reg1?s:}_{|{reg0} città {reg1?/i:}, {s0}"
"qstr_Your_opponents_are_r|I tuoi avversari sono pronti a battersi."
"qstr_Try_to_destroy_as_ma|Prova a distruggere più bersagli che puoi. Hai due minuti e mezzo per completare il percorso."
"qstr_Stay_behind_the_line|Resta dietro la linea e colpisci i bersagli. Cerca di non sprecare colpi."
"qstr_Battle_Advantage_=_{|Vantaggio Battaglia = {reg0}."
"qstr_{s9}_wants_you_to_re|{s9} vuole che tu segua la sua armata fino ad ulteriori ordini."
"qstr__Being_Raided_|(Razziato)"
"qstr__Looted_|(Saccheggiato)"
"qstr__Under_Siege_|(Sotto Assedio)"
"qstr_The_village_of_{s1}_|Il villaggio di {s1} è stato saccheggiato da {s2}."
"qstr_{s3}_is_no_longer_un|{s3} non più sotto assedio."
qstr_Small_bands_of_enemi|Un piccolo gruppo nemico è stato avvistato vicino a {s1}.
qstr_Enemy_patrols_spotte|Pattuglia nemica avvistata vicino a {s1}.
qstr_Medium_sized_group_o|Gruppo nemico di medie dimensioni avvistato vicino a {s1}.
qstr_Significant_group_of|Un significativo gruppo nemico avvistato vicino a {s1}.
qstr_Army_of_enemies_spot|Armata nemica avvistata vicino a {s1}.
qstr_Large_army_of_enemie|Esercito nemico di grandi dimensioni avvistato vicino a {s1}.
qstr_Great_host_of_enemie|Una grande schiera di nemici è stata avvistata vicino a {s1}.
"qstr_{s1}_has_been_besieg|{s1} è assediato da {s2} del {s3}."
"qstr_{s1}_is_the_new_mars|{s1} è il nuovo Comandante d'armata del {s2}."
qstr__{s1}__{s11}:_{s14}|({s1}) {s11}: {s14}
qstr_{s14}__{s21}_|{s14} ({s21})
"qstr_You_gained_{reg12}_r|Hai guadagnato +{reg12} di Fama."
"qstr_You_lose_{reg12}_ren|Hai perso -{reg12} di Fama."
"qstr_Your_relation_with_{|La tua Relazione con {s1} è migliorata."
"qstr_Your_relation_with_{s|La tua Relazione con {s1} è peggiorata."
"qstr_You_gain_honour.|Hai guadagnato Onore."
"qstr_You_lose_honour.|Hai perso Onore."
"qstr_{s1}_has_declared_wa|{s1} ha dichiarato guerra a {s2}."
"qstr_{s1}_and_{s2}_have_m|{s1} e {s2} hanno dichiarato Pace."
"qstr_{s2}_{reg3?was:is_cu|{s2} {reg3?era:è attualmente} a {s3}."
"qstr_{s2}_{reg3?was:is}_t|{s2} {reg3?stava:sta} viaggiando verso {s3} e... {reg3?era:dovrebbe essere} vicino a {s4}{reg3?: in questo momento}."
"qstr_{s2}_{reg3?was:is}_i|{s2} {reg3?stava:sta} vagando nelle terre selvagge e... {reg3?era:dovrebbe essere} vicino a {s3}{reg3?: in questo momento}."
"qstr_{s2}_{reg3?was:is}_b|{s2} {reg3?era:è} prigioniero a {s3}."
"qstr_{s2}_{reg3?was:has_b|{s2} {reg3?era:era stato} fatto prigioniero da {reg4?i suoi:i suoi} nemici."
"qstr_{reg3?{s2}_s_locatio|Non so dove {reg3?{s2} sia:è diretto, {s2}}."
"qstr_{s6}_has_joined_your|{s6} si è unito alla Compagnia"
"qstr_You_now_owe_{reg2}_d| Sei debitore di {reg2} denari a {s1}."
"qstr_Renown_value_for_thi|Guadagnerai +{reg8} di Fama se vincerai."
"qstr_You_have_run_into_a_|Sei vittima di un'imboscata!"
"qstr_You_are_attacked_by_|Hai subito l'attacco di un gruppo di banditi!"
"qstr_Holding|Tengono la Posizione"
"qstr_Following|Seguono"
"qstr_Charging|Caricano"
"qstr_Advancing|Avanzano"
"qstr_Falling_Back|Ripiegano"
"qstr_Standing_Closer|Serrano i ranghi"
"qstr_Spreading_Out|Si dispiegano"
"qstr_Standing|Fermi"
"qstr_N/A|N/A"
"qstr_Free|Libero"
"qstr_Any_Weapon|Qualsiasi Arma"
"qstr_Blunt_Weapons|Armi contundenti"
"qstr_{s1}_Rebels|{s1} Ribelli"
"qstr_Given_by:_{s62}|Assegnata da: {s62}"
"qstr_Given_on:_{s60}|Assegnata il: {s60}"
"qstr_You_have_{reg0}_days|Hai {reg0} giorni per finire la missione."
"qstr_This_quest_has_been_|La missione è conclusa. Parla con {s59}."
"qstr_This_quest_has_been_s|Questa missione è stata completata con successo. Parla a {s59} per avere la tua ricompensa."
"qstr_This_quest_has_faile|La missione è fallita. Parla a {s59} per spiegargli la situazione."
"qstr_At_the_time_quest_wa|Quando la missione è stata data:^{s1}"
"qstr_{s5}_has_a_strength_|{s5} è a capo di {reg1} uomini in totale."
"qstr_The_last_time_you_sa|L'ultima volta che {reg1?l'hai vista:l'hai visto}, {s1}"
"qstr_The_last_time_you_he|L'ultima volta che hai sentito qualcosa {reg1?lei:lui}, {s1}"
"qstr_Current_garrison_con|La guarnigione attualmente è composta da {reg5} uomini.^Ha scorte per {reg6} giorni."
"qstr_Very_Poor|Molto povero"
"qstr_Poor|Povero"
"qstr_Average|Normale"
"qstr_Rich|Ricco"
"qstr_Very_Rich|Molto Ricco"
"qstr_Manor|Casa padronale"
"qstr_A_manor_lets_you_res|Una Casa Padronale ti permette di riposare nel villaggio e pagare le tue truppe metà della tariffa abituale finché vi prendi alloggio."
"qstr_Mill|Mulino"
"qstr_A_mill_increases_vil|Un mulino aumenta la prosperità del villaggio del 5%."
"qstr_Watch_Tower|Torre di guardia"
"qstr_A_watch_tower_lets_t|Una torre di guardia permette agli abitanti di essere allertati in minor tempo. Il tempo impiegato dai nemici per saccheggiare il villaggio aumenta del 25%."
"qstr_School|Scuola"
"qstr_A_shool_increases_th|Una scuola aumenta la lealtà degli abitanti del villaggio nei tuoi confronti di +1 ogni mese."
"qstr_Messenger_Post|Ufficio Postale"
"qstr_A_messenger_post_let|Un ufficio postale permette ai tuoi villaggi di inviare a te un messaggio ogni volta che vengono avvistati dei nemici anche se ti trovi molto lontano."
"qstr_Prison_Tower|Torre della Prigione"
"qstr_A_prison_tower_reduc|Una torre della prigione riduce la probabilità che la tentata fuga dei prigionieri abbia successo."
"qstr_Prosperity_of_{s2}_h|La prosperità di {s2} è cambiata da {s3} a {s4}."
"qstr_{s4}_looks_upset.|{s4} sembra preoccupato ."
"qstr_your_party|la tua Compagnia"
"qstr_{reg0?One_of_your_pr|{reg0?Uno dei tuoi prigionieri, :}{s1} di {s3} è riuscito a fuggire!"
"qstr_You_brought_{reg3}_h|Hai guidato {reg3} capi di bestiame a {s1}."
"qstr_I_heard_that_there_w|Ho sentito che ci sarà un torneo a {s62} molto presto."
"qstr_I_heard_that_one_can|Ho saputo che è possibile comprare {s62} a un buon prezzo a {s63}."
"qstr_I_heard_that_they_pa|Ho sentito che pagano un ottimo prezzo per {s62} a {s63}."
qstr_two_days_ago|due giorni fa
qstr_Best_threat_of_{s4}_|La maggior minaccia di {s4} ha un valore pari a {reg1}
qstr_No_center_found_to_d|Nessun centro da difendere rilevato
qstr_You_gain_right_to_ru|Guadagni il diritto a governare.
qstr_You_lose_right_to_ru|Perdi il diritto a governare.
qstr_You_got_keys_of_dung|Prendi le chiavi della prigione.
"qstr_You_must_stay_behind|Devi stare dietro alla linea! Il lancio non è valido."
qstr_Tutorial|Tutorial
"qstr_You_came_into_the_wo|I tuoi natali come {reg3?figlia:figlio} di una famiglia nobile decaduta, il cui unico possedimento rimasto è la casa in cui vive, sono stati difficili. Tuttavia, nonostante le avversità, i tuoi genitori ti hanno permesso di avere una buona istruzione e ti hanno insegnato fin dalla tenera età l'intransigenza dell'aristocrazia e della vita di corte."
"qstr_You_were_born_the_{r|La tua nascita e crescita come {reg3?figlia:figlio} di un mercante itinerante ti ha visto sempre in movimento da un posto all'altro in cerca di un profitto. Anche se i tuoi genitori,  essendo più ricchi di molte altre persone, ti hanno dato una buona educazione, hai trovato sempre il modo di frequentare gli amici di strada provando un immenso piacere vendendo loro qualcosa."
"qstr_As_a_child_your_fami|La vita ti ha visto crescere in una famiglia che vive di stenti, il lavoro di tuo padre come guardia del signore locale è pagato molto poco. Non è una vita facile, i tuoi genitori sono così poveri da non poterti permettere un'istruzione valida. Hai imparato a difenderti con o senza armi passando molto tempo in strada."
"qstr_{reg3?daughter:son}|{reg3?figlia:figlio}"
"qstr_You_were_the_{reg3?d|Sei {reg3?figlia:figlio} di una famiglia che viveva nei boschi. I tuoi genitori cacciavano, tagliavano la legna, costruivano frecce e quando i tempi si facevano più duri, si procuravano il cibo col bracconaggio. L'inverno non era mai una bella stagione, il freddo colpiva tanto le persone quanto gli animali, ma tu hai sempre trovato il modo di sopravvivere; i tuoi fratelli e sorelle non sono stati così fortunati."
"qstr_You_were_a_child_of_|Sei un erede della steppa, la tua nascita e crescita si è verificata in una tribù di nomadi che vive in grandi accampamenti nella prateria, è stata dura. Come ogni membro della tribù, anche la tua famiglia venera i cavalli più di ogni altra cosa, ti hanno insegnato a cavalcare prima ancora che a camminare. I tuoi genitori cacciano, tagliano la legna, fabbricano frecce e, quando i tempi si fanno più duri, si procurano il cibo col bracconaggio. L'inverno non è mai una bella stagione, le malattie colpiscono tanto le persone quanto gli animali, ma tu hai sempre resistito, i tuoi fratelli e sorelle non sono stati così fortunati."
"qstr_As_the_{reg3?daughte|In quanto {reg3?figlia:figlio} di un ladro, hai avuto un'educazione 'particolare'. Anzichè giocare per strada, hai passato il  tempo a imparare il mestiere del ladro, ovvero hai fatto 'pratica' nel tagliare le cinghie dei borselli e nello scassinare le serrature. Questi lunghi anni di 'scuola' hanno acuito la tua furbizia e l'abilità nel muoverti fra i vicoli oscuri delle città."
"qstr_As_a_{reg3?girl:boy}|Essendo {reg3?una ragazza appena cresciuta:un ragazzo appena cresciuto}, la tua assegnazione è presso la corte di un nobile del paese. I tuoi primi insegnamenti riguardano l'umiltà, come quella che mostrano talvolta i signori e le signore del casato. Ma dai loro giochi di scacchi, dai loro pettegolezzi, e persino dalla poesia di grandi opere e di amor cortesi, hai cominciato velocemente ad imparare tutto riguardo le competizioni ed i conflitti degli adulti. Hai imparato anche dai giochi rudimentali degli altri ragazzi, che combattono con bastoni per imitare le spade dei più grandi."
"qstr_As_a_{reg3?girl:boy}_|Essendo {reg3?una ragazza appena cresciuta:un ragazzo appena cresciuto}, hai imparato a commerciare grazie ad un artigiano locale. Dopo anni di duro lavoro e studio sotto il controllo del tuo nuovo maestro, hai ottenuto la promozione e la qualifica, poi l'assunzione come persona esperta nell'artigianato pagata a prezzo fino quando tu avessi voluto rimanere."
"qstr_As_a_{reg3?girl:boy}_g|Essendo {reg3?una ragazza appena cresciuta:un ragazzo appena cresciuto}, inizi a lavorare come apprendista per un ricco mercante, imparando a commerciare col trascorrere degli anni, lavorando in negozi o guidando carovane. Diventi presto una persona esperta nell'arte del comprare a basso prezzo, del vendere ad alto prezzo, e del lasciare l'acquirente col pensiero che abbia fatto un grande affare."
"qstr_As_a_{reg3?girl:boy}_gr|Essendo {reg3?una ragazza appena cresciuta:un ragazzo appena cresciuto}, vivi per la strada, facendo qualunque cosa sia necessaria per sopravvivere. Elemosinando, rubando e lavorando per alcune bande per guadagnarti il pane, vivi giorno per giorno in questo mondo violento, sempre un passo avanti alla legge e a chi ti vuole male."
"qstr_As_a_{reg3?girl:boy}_gro|Essendo {reg3?una ragazza appena cresciuta:un ragazzo appena cresciuto}, cavalchi attraverso le grandi steppe con un tuo cavallo, imparando le strade da percorrere sull'erba e sul deserto. Anche se a volte patisci la fame, hai imparato l'arte della caccia e dell'esplorazione in queste terre selvagge. Diventi sempre più {reg3?muscolosa crescendo come una nomade:muscoloso crescendo come un nomade}."
"qstr_{reg3?daughter:man}|{reg3?figlia:figlio}"
"qstr_Though_the_distincti|Anche se noti il cambiamento all'improvviso, in qualche modo sei {reg3?diventata una donna:diventato un uomo}, e il mondo intero sembra cambiare intorno a te. Facendo esperienza come aiutante di campo per un nobile di corte, hai fatto pratica per ore con le armi, imparando come infliggere colpi brutali ed efficaci come anche ad incassarli. Il tuo lord ha stabilito l'addestramento che devi seguire, compiacendo in questo modo coloro che un giorno potrebbero diventare tuoi vassalli. Ma oltre ad aver imparato gli ideali cavallereschi, hai imparato anche il lato meno incoraggiante... Vecchie storie di guerrieri e di spietate potenze politiche, di uomini che hanno utilizzato sia l'astuzia che il valore per raggiungere i propri scopi."
"qstr_{reg3?woman:man}|{reg3?donna:uomo}"
"qstr_Though_the_distinctio|Anche se noti il cambiamento all'improvviso, in qualche modo sei diventata una {s13}, e il mondo intero sembra cambiare intorno a te. Ti sei unita all'esclusivo circolo delle donne di corte, fra mogli e amanti di nobili e ragazze in cerca di marito. Anche questo è un ambiente difficile, con chi trama per porsi in risalto e chi contende per farsi adocchiare da uomini disponibili a corte. Presto comprendi come volgere queste situazioni a tuo vantaggio. Ti rendi conto dell'influenza che puoi avere, ma solo se ti muovi con discrezione."
"qstr_Though_the_distinction|Anche se noti il cambiamento all'improvviso, in qualche modo divieni {s13}, e il mondo intero sembra cambiare intorno a te. Parti senza nulla eccetto le cose che riesci a portare con te e la tua stessa voce. La tua è un'esistenza piena di stenti, con molte notti a patire la fame, mentre la gente non apprezza come suoni, ma riesci a sopravvivere solo con la tua musica. Con gli anni hai acquisito abilità nel suonare nelle taverne alle folle ubriache, e ancora più abile nel parlare agli astanti di tutto ciò che desideri dipingere col racconto."
"qstr_Though_the_distinction_|Anche se noti il cambiamento all'improvviso, in qualche modo sei {reg3?diventata una donna:diventato un uomo}, e il mondo intero sembra cambiare intorno a te. Studi in una grande città, occupandoti di teologia, filosofia e medicina. Ma non tutte le lezioni vengono impartite in aula. Non frequenti buone amicizie, ti aggreghi a gente che cerca compagnia, vino e una rissa. Comunque, sai mettere a posto una mandibola rotta, o persuadere un cittadino arrabbiato ad accettare un rimborso dei danni, piuttosto che ricorrere alla violenza."
"qstr_Though_the_distinction_f|Anche se noti il cambiamento all'improvviso, in qualche modo divieni {s13}, e il mondo intero sembra cambiare intorno a te. Ascoltando il richiamo alla libertà, viaggi di villaggio in villaggio comprando e vendendo quello che puoi. Non è un'esistenza ricca, ma diventi abile nel contrattare, anche con i vecchi più avari, ottenendo buoni prezzi. Presto, lo senti, potresti iniziare a creare il tuo impero commerciale..."
"qstr_Though_the_distinction_fe|Anche se noti il cambiamento all'improvviso, in qualche modo divieni {s13}, e il mondo intero sembra cambiare intorno a te. Hai abbracciato la carriera del fabbro. Crei oggetti utili e belli da vedere da del semplice metallo. Con il passare del tempo diventi abile nel tuo campo, e il buon lavoro inizia a dare i suoi buoni frutti. Con la pancia piena e ceppi nel tuo camino, puoi nutrire orgoglio per il tuo lavoro e per la tua crescente reputazione."
"qstr_Though_the_distinction_fel|Anche se noti il cambiamento all'improvviso, in qualche modo divieni {s13}, e il mondo intero sembra cambiare intorno a te. Hai provato insoddisfazione, nella disperata ricerca di denaro, notando le vicine foreste del lord, hai deciso di approfittare dell'abbondanza delle stesse, sia dannata la legge. Hai cacciato cervi, cinghiali e oche vendendo le preziose carni in nero. Hai abbattuto alberi sotto il naso delle guardie convertendoli in legna da ardere usata nelle case fredde durante l'inverno. Tutto per poco argento, naturalmente."
"qstr_Only_you_know_exactl|Solo tu sai esattamente cosa ti ha spinto a cambiare vita e diventare una persona dedita all'avventura. Tuttavia, andarsene non era una scelta difficile, con la rabbia che ardeva intensamente nel tuo cuore. Vuoi vendetta. Vuoi giustizia. Quello che ti è stato fatto non può essere dimenticato, e questi debiti possono essere pagati solo col sangue..."
"qstr_Only_you_know_exactly|Solo tu sai esattamente cosa ti ha spinto a cambiare vita e diventare una persona dedita all'avventura. Tutto ciò che puoi dire è che non potresti sopportare di restare, non con i ricordi di quella persona che hai amato così da vicino e così dolorosamente. Forse la tua nuova vita ti permetterà di dimenticare, o l'onore del tuo nome ti solleverà da ciò che non potevi più sopportare di sentire dentro di te..."
"qstr_Only_you_know_exactly_|Solo tu sai esattamente cosa ti ha spinto a cambiare vita e diventare una persona dedita all'avventura. Non hai nemmeno la consapevolezza di quando la tua casa è diventata una prigione, di quando i tuoi parenti ti sono sembrati banali, ma i tuoi sogni di partire ti hanno fatto maturare la scelta di cambiare la tua vecchia vita. Sia che desideri di raggiungere qualche posto lontano o strade aperte e libertà di viaggiare senza meta, non puoi più sopportare di restare sempre nello stesso posto. Hai deciso di partire e non hai mai volto lo sguardo alle tue spalle..."
"qstr_Only_you_know_exactly_w|Solo tu sai esattamente cosa ti ha spinto a cambiare vita e diventare una persona dedita all'avventura. Comunque, sai di non poter tornare indietro. Non troverai niente di meglio se tornerai. Qualunque cosa avessi, adesso non c'è più, e devi affrontare il fatto che sei fuori, nel vastissimo mondo con la stessa libertà e probabilità di nuotare o naufragare..."
"qstr_Only_you_know_exactly_wh|Solo tu sai esattamente cosa ti ha spinto a cambiare vita e diventare una persona dedita all'avventura. Per tutti appare evidente come tu tragga motivazione soltanto dal guadagno personale. Vuoi avere ricchezza, potere, rispetto, timore di te. Vuoi essere l'unica persona per la quale gli altri sentano la fretta di obbedire. Vuoi che la gente conosca il tuo nome, e che tremi quando viene pronunciato. Tu vuoi tutto, e non ti lascerai fermare da nessuno per averlo..."
"qstr_Back_to_the_beginnin|Indietro fino all'inizio..."
"qstr_View_next_segment...|Guarda la prossima parte..."
"qstr_^No_food:___{reg7}|^Niente cibo:  -{reg7}"
"qstr_^Wage_debt:___{reg6}|^Debito dai salari:  -{reg6}"
qstr_Appoint_next_marshal|Nominare il prossimo Comandante in capo
qstr_Award_{s12}_as_fief|Ottieni {s12} come feudo
"qstr_No_one|Nessuno"
"qstr_Selected_faction_is:|La fazione selezionata è: {s10}^^{s9}"
"qstr_You_are_currently_re|Al momento stai leggendo {s8}."
"qstr_You_are_not_reading_|Non stai leggendo libri."
"qstr_none|nessuno"
"qstr_{s5}_and_{s6}|{s5} e {s6}"
"qstr_Your_estates_are:_{s|I tuoi possedimenti sono: {s8}.^{s9}"
"qstr_Current_party_size_l|L'attuale limite di dimensione della Compagnia è {reg5}.^I momentanei modificatori della dimensione della Compagnia sono:^^Dimensione di base:  +10^Comando: {s2}{reg1}^Carisma: {s3}{reg2}^Fama: {s4}{reg3}^TOTALE:  {reg5}"
"qstr_Loyal|Leale"
"qstr_Devoted|Devoto"
"qstr_Fond|Affezionato"
"qstr_Gracious|Cortese"
"qstr_Friendly|Amichevole"
"qstr_Supportive|Solidale"
"qstr_Favorable|Favorevole"
"qstr_Cooperative|Cooperativo"
"qstr_Accepting|Bendisposto"
"qstr_Indifferent|Indifferente"
"qstr_Suspicious|Sospettoso"
"qstr_Grumbling|Polemico"
"qstr_Hostile|Ostile"
"qstr_Resentful|Pieno di risentimento"
"qstr_Angry|Adirato"
"qstr_Hateful|Pieno d'odio"
"qstr_Revengeful|Vendicativo"
"qstr_Vengeful|Molto vendicativo"
"qstr_Your_relation_with_t|Il tuo rapporto con le fazioni è:^{s2}"
"qstr_Player_renown_is_inc|La fama del personaggio è cresciuta di 100."
qstr_Player_honor_is_incr|L'onore del personaggio è cresciuto di 1 e adesso è {reg7}.
"qstr_{reg1}_{s1}_{reg2?ac|{reg1} {s1} {reg2?accettano:accetta} l'offerta."
"qstr_No_one_accepts_the_o|Nessuno accetta l'offerta."
"qstr_You_start_reading_{s|Cominci a leggere {s2}. Dopo poche pagine, senti che puoi imparare molto da questo libro. Poi decidi di chiuderlo e tenerlo chiuso con te per leggerlo quando avrai tempo."
"qstr_You_flip_through_the|Sfogli le pagine di {s2}, ma ti trovi alle prese con un testo confuso e difficile da seguire. Continui a tentare, ma presto provi un forte mal di testa, devi arrenderti e cercare di riposare."
"qstr_Villagers|Abitanti del villaggio"
"qstr_You_have_encountered|Hai incontrato i {s1}."
"qstr_You_have_engaged_{s1|Hai attaccato {s1} mentre stavano rapinando {s3}."
"qstr_You_were_caught_by_{|{s1} ha fatto scattare un'imboscata ai tuoi danni mentre le tue forze stavano razziando {s3}."
"qstr_You_were_victorious!|Hai vinto!"
"qstr_Battle_was_lost._You|La battaglia è stata vinta dal nemico. Le tue forze sono state completamente schiacciate."
"qstr_Your_companions_carr|I tuoi compagni ti trascinano via dalla battaglia."
"qstr_You_have_defeated_th|Hai sconfitto il nemico."
"qstr_You_have_retreated_f|Hai deciso di ritirarti dal combattimento."
"qstr_^^Ally_Casualties:{s|^^Perdite alleate:{s0}"
"qstr_{s1}_of_{s3}_managed|{s1} del {s3} è riuscito a scappare."
"qstr_Some_of_your_tendons|Alcuni tendini sono stati danneggiati nella battaglia. Perdi 1 punto in forza."
"qstr_You_took_a_nasty_wou|Hai subito una brutta ferita che ti farà zoppicare un po' anche dopo la guarigione. Perdi 1 punto in agilità."
"qstr_You_have_trouble_thi|Da dopo la battaglia hai problemi a concentrarti, forse perché hai sbattuto violentemente il capo, e frequenti mal di testa ora ti rovinano l'esistenza. La tua intelligenza è ridotta di 1 punto."
"qstr_Perhaps_I_m_getting_|Forse la sfortuna mi sta avversando..."
"qstr_Retirement_is_starti|La pensione sta cominciando a suonarti sempre meglio."
"qstr_No_matter!_I_will_pe|Nessun dubbio! Terrò duro!"
"qstr_What_did_I_do_to_des|Cos'ho fatto per meritarmi questo?"
"qstr_I_suppose_it_ll_make|Penso che andrà tutto bene, almeno..."
"qstr_{s9}_wants_you_to_fo|{s9} ti vuole perché tu segua la sua armata fino a nuovo ordine."
"qstr_{s8}_of_{s9}|{s8} del {s9}"
"qstr__Your_own_banner_fli| Il tuo stesso stendardo sventola sopra il cancello del castello."
"qstr__You_see_the_banner_| Vedi lo stendardo di {s7} sopra il cancello del castello."
"qstr__Your_own_banner_flie| Il tuo stesso stendardo sventola sopra i cancelli della città."
"qstr__You_see_the_banner_o| Vedi gli stendardi di {s7} sopra i cancelli della città."
"qstr_The_{reg6?town_s:cas|Le scorte {reg6?della città:del castello} dovrebbero bastare per altri {reg3} giorni."
"qstr_The_{reg6?town_s:cast|Le scorte {reg6?della città :del castello} sono finite e i difensori stanno morendo di fame."
"qstr_You_re_preparing_to_|Ti stai preparando ad attaccare le mura, il lavoro dovrebbe finire in {reg9} ore."
"qstr_Your_forces_are_buil|Le tue forze stanno costruendo una torre d'assedio. Si pensa che manchino altre {reg9} ore per completarne la costruzione."
"qstr_You_are_ready_to_att|Puoi attaccare le mura in qualsiasi momento."
"qstr_The_siege_tower_is_b|La torre d'assedio è stata costruita ed è pronta ad essere utilizzata per l'assalto."
"qstr_As_a_last_defensive_|Come ultimo tentativo di resistenza, ti ritiri nella sala principale della fortezza. Tu e i soldati che sono rimasti mettete in atto una disperata resistenza qui. Se sarete sconfitti, non ci sarà altro luogo nel quale ritirarsi."
"qstr_You_ve_been_driven_a|Le tue forze sono state respinte dalle mura. Ora gli attaccanti si stanno riversando nelle strade. Se riuscirai a sconfiggerli, forse potrai sperare di capovolgere il corso degli eventi e salvare la giornata."
"qstr_You_ve_breached_the_|Hai occupato le mura della città, ma gli ostinati difensori continuano a resistere nelle strade! Dovrai vedertela con loro prima di poter attaccare la roccaforte nel cuore della città."
"qstr_The_town_centre_is_y|Il centro città è tuo, ma i rimanenti difensori hanno ripiegato nel castello. Devono cadere prima che tu possa completare la tua vittoria."
"qstr_The_remaining_defend|I rimanenti difensori si sono ritirati nel castello come loro ultima difesa. Devi andare là dentro e schiacciare ogni rimanente resistenza."
"qstr_However_since_you_ar|Comunque, dato che tu non sei {seguace/seguace} di {s9}, non c'è possibilità che lui voglia renderti {il lord/la lady} di {reg8?questa città:questo castello}."
"qstr_The_enemy_has_been_f|Il nemico è stato costretto alla ritirata. L'assalto è finito, ma l'assedio continua."
qstr_As_you_approach_you_|Come ti avvicini, le guardie del castello ti avvistano, ti danno il benvenuto e aprono i cancelli per {il loro re/la loro regina}.
qstr_As_you_approach_you_a|Come ti avvicini, le guardie del castello ti avvistano, ti danno il benvenuto e aprono i cancelli per {il loro signore/la loro signora}.
qstr__This_village_and_th|Questo villaggio e le terre circostanti ti appartengono.
"qstr__You_remember_that_t| Ricordi che questo villaggio e le terre circostanti appartengono a: {s7}."
"qstr__These_lands_belong_| Queste terre non appartengono a nessuno."
"qstr__The_village_is_infe| Il villaggio è attaccato da {reg8} {s35}."
"qstr__The_village_has_bee| Il villaggio è stato depredato. Una manciata di anime disperse come te passano tra le case bruciate."
"qstr__The_village_is_bein| Il villaggio è stato razziato."
"qstr_No_one_here_seems_to|Nessuno sembra interessato ad unirsi alla tua Compagnia."
"qstr_One_{s3}_volunteers_|Un volontario sceglie di seguirti: {s3}."
"qstr_{reg5}_{s3}_voluntee|{reg5} {s3} vogliono seguirti."
"qstr_Try_as_you_might_you|Hai tentato con tutto il tuo vigore, ma non hai potuto sconfiggere i banditi. Infuriati, razziano il villaggio per punire i contadini, poi si lasciano dietro la bruciante area desolata per trovare pascoli più verdi da saccheggiare."
"qstr_village|villaggio"
"qstr_town|città"
"qstr_castle|castello"
"qstr_The_{s17}_has_no_imp|Il {s17} non ha miglioramenti."
"qstr_The_{s17}_has_the_fo|Il {s17} ha i seguenti miglioramenti: {s18}."
"qstr_The_assasins_beat_yo|Gli assassini ti abbattono e ti lasciano a terra credendoti ormai senza vita."
"qstr_You_have_fallen._The|Hai subito la sconfitta. I banditi prendono velocemente dal tuo corpo ogni moneta che trovano, poi spariscono nella notte. Ti hanno lasciato in vita, ma in realtà credevano al tuo decesso."
"qstr_Luckily_some_of_your|Fortunatamente alcuni tuoi compagni vengono a cercarti quando non vedono il tuo ritorno, ti trovano a terra sul lato della strada. Si affrettano a soccorrerti e a sanare le tue ferite."
"qstr_Luckily_some_passing|Fortunatamente alcuni cittadini che stavano passando di là ti trovano a terra sul lato della strada, capiscono che tu sei più di un'anima vagabonda. Ti portano alla più vicina taverna e curano le tue ferite."
"qstr_You_fail_to_steal_an|Non hai avuto successo nel rubare del bestiame."
"qstr_You_drive_away_{reg1|Guidi altrove {reg17} {reg12?capi:capo} di bestiame dal gregge del villaggio."
"qstr_You_are_at_{s2}.|Sei a {s2}."
qstr__This_castle_has_no_|Questo castello non ha una guarnigione.
qstr__This_town_has_no_ga|Questa città non ha una guarnigione.
"qstr__You_have_successful| Hai avuto successo nell'infiltrarti."
"qstr_{s13}_A_tournament_w|{s13} Un torneo si svolgerà qui a breve."
qstr___{reg1}_denars_per_| ({reg1} denari per notte)
"qstr_Moreover_you_earn_{r|In più, guadagni {reg8} denari dalle scommesse piazzate sulla tua stessa persona..."
"qstr_Victory_is_yours!_Yo|La vittoria è tua! Hai vinto questo round, ma ora ti devi preparare per il prossimo."
"qstr_You_have_been_bested|Hai subito la sconfitta in questo round, ma il mastro della cerimonia dichiara un riconoscimento alle tue abilità e al tuo coraggio, acconsentendoti di prendere parte al prossimo round."
"qstr_You_were_beaten._The|Sei al tappeto. I contadini sono rincuorati dal loro successo, ma la lezione che volevi insegnare loro probabilmente non è stata appresa..."
"qstr_After_beating_your_l|Dopo aver battuto il tuo ultimo avversario, spieghi ai contadini come difendersi al meglio contro questi tipi di attacchi. Speri che facciano tesoro di quest'esperienza e che la prossima volta saranno più preparati."
"qstr_The_bandits_are_brok|I banditi sono sconfitti! Quei pochi che rimangono vivi e coscienti scappano con la coda tra le gambe, terrificati dai contadini e dai loro nuovi campioni!"
"qstr_{s1}_s_Ship|Nave di {s1}"
qstr_However_{reg3?You_ar|Comunque, {reg3?non sei:{s1} non è} in grado di trovare le merci di scambio che avrebbero dovuto portare ad un profitto.
"qstr_^Buying_{s4}_here_an|^Comprando {s4} qui e vendendo questo a {s5} dovresti avere un profitto di {reg6} denari per oggetto.{s3}"
"qstr_{reg3?You_find:{s1}_|{reg3?Trovi:{s1} trova} questo:^{s3}"
"qstr_{s2}^{reg1}_{s1}_ear|{s2}^{reg1} {s1} ha/hanno guadagnato {reg0} esperienza."
"qstr_{s2}^{s1}_earned_an_|{s2}^{s1} ha/hanno guadagnato in più {reg0} esperienza."
"qstr_^You_earned_{reg0}_e|^Hai guadagnato {reg0} esperienza.{s2}"
"qstr_The_training_didn_t_|L'addestramento non è andato proprio bene."
"qstr_The_training_didn_t_g|L'addestramento non è andato benissimo."
"qstr_The_training_went_qu|L'addestramento è andato abbastanza bene."
"qstr_The_training_went_ve|L'addestramento è andato benissimo."
"qstr_The_training_went_pe|L'addestramento è andato perfettamente."
"qstr_{s13}_asked_you_to_r|{s13} ti ha chiesto di fare un rapporto a lui con almeno {reg13} truppe."
"qstr_{s13}_ordered_you_to|{s13} ti ha ordinato di unirti all'assalto contro {s14}."
"qstr_Find_and_speak_with_|Trova {s3} del {s4} e parlagli per porgere i tuoi omaggi e prestare giuramento."
qstr_There_has_been_an_al|C'è stato un presunto incidente di frontiera: {s9}
qstr_^^Note_that_so_long_|^^Nota che finchè sarai Comandante in Capo, i signori del regno si aspetteranno che tu li guidi nella campagna militare. Per cui, se sei in attesa di partecipare ad una festa, che sia di matrimonio o di altro tipo, potresti riterenere opportuno rinunciare al ruolo di comandante parlando al tuo sovrano.
"qstr_Breaking_camp...|Stai smantellando l'accampamento..."
"qstr_Your_party_is_spotte|La tua Compagnia è stata avvistata dagli abitanti di {s1}."
"qstr_Party_has_nothing_to|La Compagnia non ha niente da mangiare!"
"qstr_{reg1}_{s1}_{reg2?ha|{reg1} {s1} {reg2?sono scappati:è scappato} dalla tua Compagnia durante la notte."
"qstr_{s1}_of_{s3}_has_bee|{s1} del {s3} è stato rilasciato dalla prigionia."
"qstr_Building_of_{s0}_in_|La costruzione di {s0} a {s4} è stato completata."
"qstr_{s1}_has_won_the_tou|{s1} ha vinto il torneo a {s2}."
"qstr_{s1}_is_no_longer_in|{s1} non è più infestato dai banditi (durante la notte)."
"qstr_You_pay_for_accommod|Paghi per la sistemazione."
qstr_Betrothal_to_{s5}_ex|Betrothal a {s5} scade
"qstr__Your_tactics_skill_| La tua abilità tattica è aumentata di 1 punto."
"qstr__Your_persuasion_ski| La tua abilità di persuasione è aumentata di 1 punto."
"qstr__Your_leadership_ski| La tua abilità di comando è aumentata di 1 punto."
"qstr__Your_intelligence_h| La tua intelligenza è aumentata di 1 punto."
"qstr__Your_trade_skill_ha| La tua abilità nel commercio è aumentata di 1 punto."
"qstr__Your_weapon_master_| La tua maestria nelle armi è aumentata di 1 punto."
"qstr__Your_engineer_skill| La tua abilità ingegneristica è aumentata di 1 punto."
"qstr_You_have_finished_re|Hai finito di leggere {s1}.{s2}"
"qstr_Book_Read|Libro letto"
"qstr_{s1}_is_scouted.|{s1} è stato esplorato."
"qstr_{s1}_has_switched_fr|{s1} è passato da {s2} a {s3}."
"qstr_{reg65?my_Lady:my_Lo|{reg65?mia signora:mio signore}"
"qstr_{reg65?My_Lady:My_Lo|{reg65?Mia signora:Mio signore}"
"qstr_{reg65?madame:sir}|{reg65?signora:signore}"
"qstr_{reg65?Madame:Sir}|{reg65?Signora:Signore}"
"qstr__no_fiefs_|(nessun possedimento)"
"qstr__fiefs:_{s0}_|(feudi: {s0})"
"qstr_It_s_your_money_or_y|O la borsa o la vita, {amico/amica}. Non una mossa falsa o vi facciamo fuori."
"qstr_Lucky_for_you_you_ca|Per vostra fortuna, mi trovate sereno. Dateci tutti i vostri soldi e forse vi lasceremo in vita..."
"qstr_This_a_robbery_eh?_I|Questa è una rapina, chiaro? Vi concedo la possibilità di consegnarmi tutto quello che avete, oppure io e i miei compagni vi uccideremo. Capito!?"
"qstr_we_have_made_very_li|Abbiamo fatto piccolissimi progressi finora..."
"qstr_we_have_suceeded_in_|Siamo riusciti a guadagnare terreno, ma abbiamo ancora una lunga strada da percorrere."
"qstr_we_have_become_a_sig|Siamo diventati una forza non indifferente, e abbiamo financo una possibilità di vittoria."
"qstr_we_are_winning_the_w|Stiamo vincendo la guerra, ma i nostri nemici stanno ancora resistendo."
"qstr_we_are_on_the_verge_|Siamo a un passo dalla vittoria. I nemici rimanenti non rappresentano una seria minaccia, ma dobbiamo ancora sconfiggerli."
"qstr_{playername}_when_we|{playername}, quando abbiamo cominciato il nostro lungo cammino, poche persone avevano il coraggio di aiutarmi. E ancor meno avevano il coraggio di mettere le loro vite a rischio per la mia causa. Non hanno però esitato un attimo a gettarsi nella mischia contro i miei nemici. Siamo andati avanti insieme, e c'erano tempi nei quali stavo per perdere ogni speranza. Ma con l'aiuto di Dio, siamo riusciti a prevalere. Ora per me è il momento di lasciare la vostra Compagnia e di prendere ciò che è mio di diritto. D'ora in poi, sopporterò la grande responsabilità di governare {s3}. Ci sono ancora molte sfide dinnanzi a noi e conto sul vostro aiuto per superarle. Certamente, rimarrete sempre il mio primo vassallo."
qstr__We_will_of_course_n| Sarà ovviamente necessario attendere fino a che il regno avrà terminato la campagna militare.
"qstr_I_am_{s4}_the_ruler_|Sono {s4}, il governatore di {s6}"
"qstr_I_am_{s4}_a_vassal_o|Sono {s4}, vassallo di {s6}"
"qstr_{s9}{reg5?_and_the_l|{s9}{reg5? e il lord di {s8}.:."
"qstr_{s13}_asked_you_to_g|{s13} ti ha chiesto di procurarti {reg3} capi di bestiame e di portarglieli."
"qstr_{s9}_asked_you_to_sc|{s9} ti ha chiesto di esplorare {s13}, {s14} e {s15}, e poi di fare rapporto."
qstr_you|voi
qstr_You_are_challenging_|Mi avete sfidato a duello? Che buffone! Come volete, {playername}, sarà un bell'esercizio spaccarvi la testa!
"qstr_{s16}_and_{s17}|{s16} e {s17}"
"qstr_Very_well_I_will_acc|Benissimo, vi riaccoglierò tra mie fila, se vorrete rinnovare il vostro giuramento."
"qstr_A_pardon_will_only_b|Il perdono sarà possibile solo se vorrete cedermi {s17} denari. Accettate le mie condizioni?"
"qstr_No._There_is_no_chan|No. Non c'è possibilità di pace tra noi, non ne voglio sapere."
qstr_Our_marshal_{s1}|Il nostro Comandante in Capo, {s1}
qstr_{s11}_and_{s12}|{s11} e {s12}
"qstr_We_are_not_at_war_wi|Non siamo in guerra con nessuno."
"qstr_We_are_at_war_with_{|Siamo in guerra con {s12}."
qstr_go_on_the_offensive_| andare all'offensiva adesso.
qstr_act_to_defend_our_la|agire per difendere le nostre terre.
qstr_take_more_time_to_ga|richiedere più tempo per riunire l'esercito.
"qstr_You_promised_to_help|Hai promesso di aiutare {s13} a reclamare il trono del {s14}."
qstr_What_do_you_say_to_e|Cosa ne pensate di entrare al servizio di {s9} come capitano mercenario? Non ho dubbi che sareste all'altezza del compito.
"qstr_{s9}_asked_you_to_ta|{s9} ti ha chiesto di portare il messaggio a {s13}. Si ritiene che {s13} fosse a {s4} quando ti è stata affidata la missione."
"qstr_{s9}_asked_you_to_tak|{s9} ti ha chiesto di portare il messaggio a {s13} del {s15}. {s13} era a {s4} quando ti è stata affidata la missione."
"qstr_{s11}_asked_you_to_e|{s11} ti ha chiesto di scortare la {s17} {s13} a {s14}."
"qstr_{s13}_asked_you_to_d|{s13} ti ha chiesto di occuparti dei banditi che stanno occupando il villaggio di {s15} e poi di fare rapporto."
"qstr_{s9}_asked_you_to_ra|{s9} ti ha chiesto di aumentare {reg1} {s14} e portarglieli."
"qstr_{s9}_asked_you_to_co|{s9} ti ha chiesto di raccogliere le tasse da {s3}. Ti ha offerto un quinto dei denari che raccoglierai."
"qstr_{s9}_asked_you_to_hu|{s9} ti ha chiesto di inseguire un fuggitivo chiamato {s4}. Questi era a {s3}."
"qstr_{s9}_asked_you_to_as|{s9} ti ha chiesto di assassinare un mercante locale a {s3}."
"qstr_{s9}_has_asked_you_t|{s9} ti ha chiesto di parlare con una spia a {s13}."
"qstr_{s11}_asked_you_to_f|{s11} ti ha chiesto di seguire la spia che lascerà {s12}. Fa attenzione a non permettere che la spia ti veda durante il viaggio, o potrebbe insospettirsi e tornare indietro. Una volta che la spia si sarà incontrata con il suo complice, dovrai catturarli e riportarli a {s11}."
"qstr_{s11}_asked_you_to_c|{s11} ti ha chiesto di catturare un lord dal {s13}, un lord qualsiasi, e di portare la vittima a {s11} per essere posta sotto custodia."
"qstr_{s9}_asked_you_to_le|{s9} ti ha chiesto di prestargli il tuo compagno {s3} per una settimana."
"qstr_{s9}_asked_you_to_col|{s9} ti ha chiesto di riscuotere il debito di {reg4} denari {s3} dovuti a lui. {s3} era a {s4} quando la missione ti è stata affidata."
"qstr_{s11}_gave_you_a_fak|{s11} ti ha dato una lettera falsa per ingannare {s13} bandendo il suo vassallo {s16}. Devi andare vicino {s14}, dare la lettera a uno dei tuoi {s15} e mandarlo nella città come un messaggero, facendo in modo che creda veri i suoi ordini perché sia convincente."
"qstr_{s9}_has_requested_y|{s9}  ti ha chiesto di portargli {reg1} {s3} prigioniero."
"qstr_Lend_your_experience|Concedi il tuo esperto cerusico {s3} a {s1}."
"qstr_Then_take_it_with_my|Allora prendetelo, con i miei eterni ringraziamenti. Voi siete {un uomo/una donna} nobile. Non dimenticherò mai che mi avete aiutato nel momento del bisogno."
"qstr_Forgive_me_{playerna|Perdonami, {playername}, ma devo insistere perché accettiate. Le ricchezze significano poco per me, e vi devo molto. Ecco, prendete, e non parliamone più."
"qstr_{playername}_what_a_|{playername}, siete {un caro uomo/una cara donna}, ma non vi permetterò di rifiutare questo. Vi devo molto più di quanto possa ricordare, e sono sicuro che potrete fare miglior uso di me di questo denaro."
"qstr_{s11}_asked_you_to_r|{s11} ti ha chiesto di salvare sua {s17}, {s13}, da {s14} dandogli una lezione e mettendolo al suo posto: in prigione."
qstr_{s11}_asked_you_to_re|{s11} ti ha chiesto di riscattare sua {s17}, {s13}, da {s14}.
"qstr_{s11}_asked_you_to_d|{s11} ti ha chiesto di consegnare un messaggio a {s13}, che è imprigionato a {s14}."
"qstr_You_agreed_to_challe|Sei d'accordo sullo sfidare {s13} per difendere l'onore di {s11}."
"qstr_{s5}__Persuasion_str|{s5} (Forza di persuasione: {reg5})"
"qstr_Persuasion_Attempt|Tentativo di Persuasione"
"qstr_A_villager_from_{s7}|Un abitante di {s7} ti ha supplicato di salvare il suo villaggio dai banditi che hanno trovato rifugio lì."
"qstr_You_chose_well_{sir/|Avete scelto bene, {signore/signora}. I miei ragazzi sanno mantenere la parola e guadagnarsi la paga."
"qstr_Well_done_{sir/madam|Ben fatto, {signore/signora}. Conservate i soldi e il vino senza paura durante il viaggio, non c'è nemico in Calradia che dobbiate temere."
"qstr_We_are_at_your_servi|Siamo al vostro servizio, {signore/signora}. Indicateci la direzione di costoro che abbisognano di una lezione, e noi faremo il resto."
"qstr_The_Guildmaster_of_{|Il Borgomastro di {s13} ti ha chiesto di occuparti dei banditi che si aggirano per queste campagne."
"qstr_{s9}_of_{s3}_asked_y|Il {s9} di {s3} ti ha chiesto di consegnare {reg5} unità di {s6} alla taverna a {s4} entro 7 giorni."
"qstr_Escort_the_merchant_|Scorta la carovana fino alla città di {s8}."
"qstr_Merchant_{s9}_of_{s4|Il mercante {s9} di {s4} ti ha chiesto di scacciare i banditi molesti che si aggirano nelle vicinanze della città."
"qstr_Guildmaster_of_{s4}_|Il Borgomastro di {s4} ti ha dato {reg12} denari per pagare il riscatto di una ragazza rapita dai banditi. Devi incontrare i banditi vicino {s3} e pagare la quota del riscatto. Dopodichè dovrai portare la ragazza a {s4}."
"qstr_Guildmaster_of_{s4}_p|Il Borgomastro di {s4} ti ha promesso {reg12} denari se farai in modo che {s12} e {s13} non rappresentino più una minaccia per un trattato di pace fra {s15} e {s14}. A tal fine, devi convincerli entrambi o fare in modo che vengano catturati e rimangano in cattività affinché l'accordo di pace venga firmato."
"qstr_The_Guildmaster_of_{s|Il Borgomastro di {s14} ti ha chiesto di occuparti dei banditi che stanno terrorizzando le strade di {s14}. Si palesano solo di notte, e attaccano i viaggiatori isolati per la via."
"qstr_Guildmaster_of_{s10}|Il Borgomastro di {s10} ti ha chiesto di portare una mandria di bestiame a {s13}. Riceverai {reg8} denari al tuo ritorno."
"qstr_He_is_not_commanding|Non sta comandando alcuna Compagnia al momento."
"qstr_He_currently_command|Al momento sta comandando {reg0} uomini{reg1?, dei quali circa {reg1} sono feriti:}."
"qstr_The_elder_of_the_vil|L'anziano del villaggio di {s3} ti ha chiesto di portargli {reg5} sacchi di grano."
"qstr_The_elder_of_the_vill|L'anziano del villaggio di {s13} ti ha chiesto di addestrare {reg5} popolani perché possano combattere i banditi locali."
"qstr_The_elder_of_the_villa|L'anziano del villaggio di {s3} ti ha chiesto di portargli {reg5} capi di bestiame."
"qstr_{s16}_and_{s15}|{s16} e {s15}"
"qstr_I_can_smell_a_fat_pu|Posso sentire l'odore di una borsa piena a miglia di distanza. Mi sembra che la vostra potrebbe sgonfiarsi un po', eh?"
"qstr_Why_it_be_another_tr|Salve, vorrei mettervi in guardia... Sapete, questo è un paese pericoloso per {un bravo ragazzo/una brava ragazza} come voi, ed essendo in viaggio, potreste fare dei cattivi incontri per strada! Con una piccola donazione i miei uomini si assicureranno che voi possiate arrivare senza pericolo dove volete, che ne dite? È una proposta ragionevole, non trovate?"
"qstr_Well_well_look_at_th|Bene bene, guardate qui! Fareste meglio a sputare un po' d'argento, o io e i miei amici dovremo farvi del male."
"qstr_There_s_a_toll_for_p|C'è un pedaggio per passare liberamente attraverso queste terre, da pagare a noi, così... Se non volete pagare, possiamo prendere il pedaggio direttamente dalla vostra borsa..."
"qstr_Another_fool_come_to|Ecco qualcuno venuto a buttarsi direttamente sulla mia lama... Bene, combattiamo!"
"qstr_We_re_not_afraid_of_|Non ci dispiace per voi, {messere/fanciulla}. È tempo di spaccare un po' di teste!"
"qstr_That_was_a_mistake._|È stato un errore. Ora renderò la vostra morte lunga e dolorosa."
"qstr_Brave_words._Let_s_s|Parole coraggiose. Vediamo come ve la cavate con i fatti, idiota!"
"qstr_A_{s5}?_Well..._Yes_|Un {s5}? Beh... Si, penso di Si. Che strana domanda."
"qstr_Eh?_No_it_most_certa|Eh? No, certamente non è un {s5}. Se fossi in voi metterei in dubbio le mie convinzioni."
"qstr_This_is_the_{reg4?to|{reg4?Questa è la città:Questo è il villaggio} di {s5}, {signore/signora}."
"qstr_{s6}_Our_{reg4?town:|{s6} {reg4?La nostra città:Il nostro villaggio} e le terre circostanti appartengono a voi, naturalmente, {mio signore/mia signora}."
"qstr_{s6}_Our_{reg4?town:v|{s6} {reg4?La nostra città:Il nostro villaggio} e le terre circostanti appartengono a {s7} del {s8}."
"qstr_{s3}_and_{s5}|{s3} e {s5}"
"qstr_{reg20?We_mostly_pro|{reg20?Noi qui produciamo soprattutto {s5}:Non stiamo producendo molto in questi giorni}. Se volete saperne di più, potete parlare con {reg4?il nostro Borgomastro:l'anziano del villaggio}. È qua vicino, proprio laggiù."