itm_no_item|OBJET INVALIDE
itm_no_item_pl|OBJETS INVALIDES
itm_tutorial_spear|Lance
itm_tutorial_spear_pl|Lance
itm_tutorial_club|Gourdin
itm_tutorial_club_pl|Gourdin
itm_tutorial_battle_axe|Hache de combat
itm_tutorial_battle_axe_pl|Hache de combat
itm_tutorial_arrows|Flèches
itm_tutorial_arrows_pl|Flèches
itm_tutorial_bolts|Carreaux
itm_tutorial_bolts_pl|Carreaux
itm_tutorial_short_bow|Arc court
itm_tutorial_short_bow_pl|Arc court
itm_tutorial_crossbow|Arbalète
itm_tutorial_crossbow_pl|Arbalète
itm_tutorial_throwing_daggers|Dague de jet
itm_tutorial_throwing_daggers_pl|Dagues de jet
itm_tutorial_saddle_horse|Cheval de selle
itm_tutorial_saddle_horse_pl|Cheval de selle
itm_tutorial_shield|Grand Écu
itm_tutorial_shield_pl|Grand Écu
itm_tutorial_staff_no_attack|Bâton de défense
itm_tutorial_staff_no_attack_pl|Bâton de défense
itm_tutorial_staff|Bâton
itm_tutorial_staff_pl|Bâton
itm_tutorial_sword|Épée
itm_tutorial_sword_pl|Épée
itm_tutorial_axe|Hache
itm_tutorial_axe_pl|Hache
itm_tutorial_dagger|Dague
itm_tutorial_dagger_pl|Dague
itm_horse_meat|Viande de cheval
itm_horse_meat_pl|Viandes de cheval
itm_practice_sword|Épée d'entraînement
itm_practice_sword_pl|Épées d'entraînement
itm_heavy_practice_sword|Épée lourde d'entraînement
itm_heavy_practice_sword_pl|Épées lourdes d'entraînement
itm_practice_dagger|Dague d'entraînement
itm_practice_dagger_pl|Dagues d'entraînement
itm_practice_axe|Hache d'entraînement
itm_practice_axe_pl|Haches d'entraînement
itm_arena_axe|Hache
itm_arena_axe_pl|Hache
itm_arena_sword|Épée
itm_arena_sword_pl|Épée
itm_arena_sword_two_handed|Épée à deux mains
itm_arena_sword_two_handed_pl|Épée à deux mains
itm_arena_lance|Lance
itm_arena_lance_pl|Lance
itm_practice_staff|Bâton d'entraînement
itm_practice_staff_pl|Bâtons d'entraînement
itm_practice_lance|Lance d'entraînement
itm_practice_lance_pl|Lances d'entraînement
itm_practice_shield|Bouclier d'entraînement
itm_practice_shield_pl|Boucliers d'entraînement
itm_practice_bow|Arc d'entraînement
itm_practice_bow_pl|Arcs d'entraînement
itm_practice_crossbow|Arbalète d'entraînement
itm_practice_crossbow_pl|Arbalètes d'entraînement
itm_practice_javelin|Javelot d'entraînement
itm_practice_javelin_pl|Javelots d'entraînement
itm_practice_javelin_melee|Javeline d'entraînement
itm_practice_javelin_melee_pl|Javelines d'entraînement
itm_practice_throwing_daggers|Dague de jet
itm_practice_throwing_daggers_pl|Dagues de jet
itm_practice_throwing_daggers_100_amount|Dague de jet
itm_practice_throwing_daggers_100_amount_pl|Dagues de jet
itm_practice_horse|Cheval d'entraînement
itm_practice_horse_pl|Chevaux d'entraînement
itm_practice_arrows|Flèches d'entraînement
itm_practice_arrows_pl|Flèches d'entraînement
itm_practice_bolts|Carreaux d'entraînement
itm_practice_bolts_pl|Carreaux d'entraînement
itm_practice_arrows_10_amount|Flèches d'entraînement
itm_practice_arrows_10_amount_pl|Flèches d'entraînement
itm_practice_arrows_100_amount|Flèches d'entraînement
itm_practice_arrows_100_amount_pl|Flèches d'entraînement
itm_practice_bolts_9_amount|Carreaux d'entraînement
itm_practice_bolts_9_amount_pl|Carreaux d'entraînement
itm_practice_boots|Bottes d'entraînement
itm_practice_boots_pl|Bottes d'entraînement
itm_red_tourney_armor|Armure de tournoi
itm_red_tourney_armor_pl|Armure de tournoi
itm_blue_tourney_armor|Armure de tournoi
itm_blue_tourney_armor_pl|Armure de tournoi
itm_green_tourney_armor|Armure de tournoi
itm_green_tourney_armor_pl|Armure de tournoi
itm_gold_tourney_armor|Armure de tournoi dorée
itm_gold_tourney_armor_pl|Armure de tournoi dorée
itm_red_tourney_helmet|Heaume de tournoi
itm_red_tourney_helmet_pl|Heaume de tournoi
itm_blue_tourney_helmet|Heaume de tournoi
itm_blue_tourney_helmet_pl|Heaume de tournoi
itm_green_tourney_helmet|Heaume de tournoi
itm_green_tourney_helmet_pl|Heaume de tournoi
itm_gold_tourney_helmet|Heaume de tournoi doré
itm_gold_tourney_helmet_pl|Heaume de tournoi doré
itm_arena_shield_red|Bouclier
itm_arena_shield_red_pl|Boucliers
itm_arena_shield_blue|Bouclier
itm_arena_shield_blue_pl|Boucliers
itm_arena_shield_green|Bouclier
itm_arena_shield_green_pl|Boucliers
itm_arena_shield_yellow|Bouclier
itm_arena_shield_yellow_pl|Boucliers
itm_arena_armor_white|Armure de gladiateur
itm_arena_armor_white_pl|Armure de gladiateur
itm_arena_armor_red|Armure de gladiateur
itm_arena_armor_red_pl|Armure de gladiateur
itm_arena_armor_blue|Armure de gladiateur
itm_arena_armor_blue_pl|Armure de gladiateur
itm_arena_armor_green|Armure de gladiateur
itm_arena_armor_green_pl|Armure de gladiateur
itm_arena_armor_yellow|Armure de gladiateur
itm_arena_armor_yellow_pl|Armure de gladiateur
itm_arena_tunic_white|Tunique de gladiateur
itm_arena_tunic_white_pl|Tunique de gladiateur
itm_arena_tunic_red|Tunique de gladiateur
itm_arena_tunic_red_pl|Tunique de gladiateur
itm_arena_tunic_blue|Tunique de gladiateur
itm_arena_tunic_blue_pl|Tunique de gladiateur
itm_arena_tunic_green|Tunique de gladiateur
itm_arena_tunic_green_pl|Tunique de gladiateur
itm_arena_tunic_yellow|Tunique de gladiateur
itm_arena_tunic_yellow_pl|Tunique de gladiateur
itm_arena_helmet_red|Heaume de gladiateur
itm_arena_helmet_red_pl|Heaume de gladiateur
itm_arena_helmet_blue|Heaume de gladiateur
itm_arena_helmet_blue_pl|Heaume de gladiateur
itm_arena_helmet_green|Heaume de gladiateur
itm_arena_helmet_green_pl|Heaume de gladiateur
itm_arena_helmet_yellow|Heaume de gladiateur
itm_arena_helmet_yellow_pl|Heaume de gladiateur
itm_steppe_helmet_white|Heaume des steppes
itm_steppe_helmet_white_pl|Heaume des steppes
itm_steppe_helmet_red|Heaume des steppes
itm_steppe_helmet_red_pl|Heaume des steppes
itm_steppe_helmet_blue|Heaume des steppes
itm_steppe_helmet_blue_pl|Heaume des steppes
itm_steppe_helmet_green|Heaume des steppes
itm_steppe_helmet_green_pl|Heaume des steppes
itm_steppe_helmet_yellow|Heaume des steppes
itm_steppe_helmet_yellow_pl|Heaume des steppes
itm_tourney_helm_white|Casque de tournoi
itm_tourney_helm_white_pl|Casque de tournoi
itm_tourney_helm_red|Casque de tournoi
itm_tourney_helm_red_pl|Casque de tournoi
itm_tourney_helm_blue|Casque de tournoi
itm_tourney_helm_blue_pl|Casque de tournoi
itm_tourney_helm_green|Casque de tournoi
itm_tourney_helm_green_pl|Casque de tournoi
itm_tourney_helm_yellow|Casque de tournoi
itm_tourney_helm_yellow_pl|Casque de tournoi
itm_arena_turban_red|Turban d'arènes
itm_arena_turban_red_pl|Turban d'arènes
itm_arena_turban_blue|Turban d'arènes
itm_arena_turban_blue_pl|Turban d'arènes
itm_arena_turban_green|Turban d'arènes
itm_arena_turban_green_pl|Turban d'arènes
itm_arena_turban_yellow|Turban d'arènes
itm_arena_turban_yellow_pl|Turban d'arènes
itm_book_tactics|De Re Militari
itm_book_tactics_pl|De Re Militari
itm_book_persuasion|Rhetorica ad herennium
itm_book_persuasion_pl|Rhetorica ad herennium
itm_book_leadership|La Vie d'Alixenus le Grand
itm_book_leadership_pl|La Vie d'Alixenus le Grand
itm_book_intelligence|Essais sur la Logique
itm_book_intelligence_pl|Essais sur la Logique
itm_book_trade|Traité sur la Valeur des Choses
itm_book_trade_pl|Traité sur la Valeur des Choses
itm_book_weapon_mastery|De l'Art de Combattre à l'Épée
itm_book_weapon_mastery_pl|De l'Art de Combattre à l'Épée
itm_book_engineering|Méthode des théorèmes mécaniques
itm_book_engineering_pl|Méthode des théorèmes mécaniques
itm_book_wound_treatment_reference|Traité de médecine
itm_book_wound_treatment_reference_pl|Traité de médecine
itm_book_training_reference|Manuel des armes
itm_book_training_reference_pl|Manuel des armes
itm_book_surgery_reference|Grand livre de la chirurgie
itm_book_surgery_reference_pl|Grand livre de la chirurgie
itm_spice|Épices
itm_spice_pl|Épices
itm_salt|Sel
itm_salt_pl|Sel
itm_oil|Huile
itm_oil_pl|Huile
itm_pottery|Poteries
itm_pottery_pl|Poteries
itm_raw_flax|Botte de lin
itm_raw_flax_pl|Bottes de lin
itm_linen|Étoffe de lin
itm_linen_pl|Étoffes de lin
itm_wool|Laine
itm_wool_pl|Laine
itm_wool_cloth|Lainage
itm_wool_cloth_pl|Lainage
itm_raw_silk|Soie brute
itm_raw_silk_pl|Soie brute
itm_raw_dyes|Teintures
itm_raw_dyes_pl|Teintures
itm_velvet|Velours
itm_velvet_pl|Velours
itm_iron|Fer
itm_iron_pl|Fer
itm_tools|Outils
itm_tools_pl|Outils
itm_raw_leather|Peau
itm_raw_leather_pl|Peaux
itm_leatherwork|Cuir
itm_leatherwork_pl|Cuirs
itm_raw_date_fruit|Dattes
itm_raw_date_fruit_pl|Dattes
itm_furs|Fourrures
itm_furs_pl|Fourrures
itm_wine|Vin
itm_wine_pl|Vin
itm_ale|Bière
itm_ale_pl|Bière
itm_smoked_fish|Poisson fumé
itm_smoked_fish_pl|Poissons fumés
itm_cheese|Fromage
itm_cheese_pl|Fromages
itm_honey|Miel
itm_honey_pl|Miel
itm_sausages|Saucisses
itm_sausages_pl|Saucisses
itm_cabbages|Chou
itm_cabbages_pl|Choux
itm_dried_meat|Viande séchée
itm_dried_meat_pl|Viandes séchées
itm_apples|Fruits
itm_apples_pl|Fruits
itm_raw_grapes|Raisins
itm_raw_grapes_pl|Raisins
itm_raw_olives|Olives
itm_raw_olives_pl|Olives
itm_grain|Blé
itm_grain_pl|Blé
itm_cattle_meat|Bœuf
itm_cattle_meat_pl|Bœufs
itm_bread|Pain
itm_bread_pl|Pains
itm_chicken|Poulet
itm_chicken_pl|Poulets
itm_pork|Porc
itm_pork_pl|Porcs
itm_butter|Beurre
itm_butter_pl|Beurres
itm_siege_supply|Provisions
itm_siege_supply_pl|Provisions
itm_quest_wine|Vin
itm_quest_wine_pl|Vins
itm_quest_ale|Bière
itm_quest_ale_pl|Bières
itm_sumpter_horse|Roncin
itm_sumpter_horse_pl|Roncin
itm_saddle_horse|Cheval de selle
itm_saddle_horse_pl|Cheval de selle
itm_steppe_horse|Cheval des steppes
itm_steppe_horse_pl|Cheval des steppes
itm_arabian_horse_a|Cheval du désert
itm_arabian_horse_a_pl|Cheval du désert
itm_courser|Coursier
itm_courser_pl|Coursier
itm_arabian_horse_b|Cheval Sarranide
itm_arabian_horse_b_pl|Cheval Sarranide
itm_hunter|Destrier
itm_hunter_pl|Destrier
itm_warhorse|Cheval de guerre
itm_warhorse_pl|Cheval de guerre
itm_charger|Percheron
itm_charger_pl|Percheron
itm_arrows|Flèches
itm_arrows_pl|Flèches
itm_khergit_arrows|Flèches Khergit
itm_khergit_arrows_pl|Flèches Khergit
itm_barbed_arrows|Flèches acérées
itm_barbed_arrows_pl|Flèches acérées
itm_bodkin_arrows|Flèches pointes aiguilles
itm_bodkin_arrows_pl|Flèches pointes aiguilles
itm_bolts|Carreaux
itm_bolts_pl|Carreaux
itm_steel_bolts|Carreaux en acier
itm_steel_bolts_pl|Carreaux en acier
itm_cartridges|Cartouches
itm_cartridges_pl|Cartouches
itm_pilgrim_disguise|Déguisement de pèlerin
itm_pilgrim_disguise_pl|Déguisement de pèlerin
itm_pilgrim_hood|Capuchon de pèlerin
itm_pilgrim_hood_pl|Capuchon de pèlerin
itm_leather_gloves|Gants en cuir
itm_leather_gloves_pl|Gants en cuir
itm_mail_mittens|Moufles de mailles
itm_mail_mittens_pl|Moufles de mailles
itm_scale_gauntlets|Moufles d'écailles
itm_scale_gauntlets_pl|Moufles d'écailles
itm_lamellar_gauntlets|Gantelets lamellaires
itm_lamellar_gauntlets_pl|Gantelets lamellaires
itm_gauntlets|Gantelets
itm_gauntlets_pl|Gantelets
itm_wrapping_boots|Chausses
itm_wrapping_boots_pl|Chausses
itm_woolen_hose|Bas de laine
itm_woolen_hose_pl|Bas de laine
itm_blue_hose|Bas bleus
itm_blue_hose_pl|Bas bleus
itm_hunter_boots|Guêtres de chasse
itm_hunter_boots_pl|Guêtres de chasse
itm_hide_boots|Bottes en peaux
itm_hide_boots_pl|Bottes en peaux
itm_ankle_boots|Suières
itm_ankle_boots_pl|Suières
itm_nomad_boots|Bottes lacées
itm_nomad_boots_pl|Bottes lacées
itm_leather_boots|Bottes de cuir
itm_leather_boots_pl|Bottes de cuir
itm_splinted_leather_greaves|Grèves lamellaires cuir
itm_splinted_leather_greaves_pl|Grèves lamellaires cuir
itm_mail_chausses|Chausses de mailles
itm_mail_chausses_pl|Chausses de mailles
itm_splinted_greaves|Grèves lamellaires
itm_splinted_greaves_pl|Grèves lamellaires
itm_mail_boots|Bottes de mailles
itm_mail_boots_pl|Bottes de mailles
itm_iron_greaves|Grèves en fer
itm_iron_greaves_pl|Grèves en fer
itm_black_greaves|Grèves noires
itm_black_greaves_pl|Grèves noires
itm_khergit_leather_boots|Bottes cuir Khergit
itm_khergit_leather_boots_pl|Bottes cuir Khergit
itm_sarranid_boots_a|Chausses Sarranides
itm_sarranid_boots_a_pl|Chausses Sarranides
itm_sarranid_boots_b|Bottes cuir Sarranide
itm_sarranid_boots_b_pl|Bottes cuir Sarranide
itm_sarranid_boots_c|Bottes plaquées
itm_sarranid_boots_c_pl|Bottes plaquées
itm_sarranid_boots_d|Chausses mailles Sarranides
itm_sarranid_boots_d_pl|Chausses mailles Sarranides
itm_sarranid_head_cloth|Turban de femme
itm_sarranid_head_cloth_pl|Turban de femmes
itm_sarranid_head_cloth_b|Turban de femme
itm_sarranid_head_cloth_b_pl|Turban de femmes
itm_sarranid_felt_head_cloth|Turban
itm_sarranid_felt_head_cloth_pl|Turban
itm_sarranid_felt_head_cloth_b|Turban
itm_sarranid_felt_head_cloth_b_pl|Turban
itm_lady_dress_ruby|Robe de dame
itm_lady_dress_ruby_pl|Robes de dame
itm_lady_dress_green|Robe de dame
itm_lady_dress_green_pl|Robes de dame
itm_lady_dress_blue|Robe de dame
itm_lady_dress_blue_pl|Robes de dame
itm_red_dress|Robe
itm_red_dress_pl|Robe
itm_brown_dress|Robe
itm_brown_dress_pl|Robe
itm_green_dress|Robe
itm_green_dress_pl|Robe
itm_khergit_lady_dress|Robe de dame Khergit
itm_khergit_lady_dress_pl|Robe de dame Khergit
itm_khergit_lady_dress_b|Robe cuir de dame Khergit
itm_khergit_lady_dress_b_pl|Robe cuir de dame Khergit
itm_sarranid_lady_dress|Robe de dame Sarranide
itm_sarranid_lady_dress_pl|Robe de dame Sarranide
itm_sarranid_lady_dress_b|Robe de dame Sarranide
itm_sarranid_lady_dress_b_pl|Robe de dame Sarranide
itm_sarranid_common_dress|Robe Sarranide
itm_sarranid_common_dress_pl|Robe Sarranide
itm_sarranid_common_dress_b|Robe Sarranide
itm_sarranid_common_dress_b_pl|Robe Sarranide
itm_courtly_outfit|Tenue élégante
itm_courtly_outfit_pl|Tenues élégantes
itm_nobleman_outfit|Tenue de noble
itm_nobleman_outfit_pl|Tenues de noble
itm_nomad_armor|Armure de nomade
itm_nomad_armor_pl|Armure de nomade
itm_khergit_armor|Armure Khergit
itm_khergit_armor_pl|Armure Khergit
itm_leather_jacket|Pourpoint en cuir
itm_leather_jacket_pl|Pourpoints en cuir
itm_rawhide_coat|Doublet de fourrure
itm_rawhide_coat_pl|Doublets de fourrure
itm_leather_armor|Cotte de cuir tanné
itm_leather_armor_pl|Cotte de cuir tanné
itm_fur_coat|Caftan de fourrure
itm_fur_coat_pl|Caftans de fourrure
itm_coat|Cotte
itm_coat_pl|Cotte
itm_leather_coat|Cotte cuir
itm_leather_coat_pl|Cotte cuir
itm_mail_coat|Cotte de mailles
itm_mail_coat_pl|Cotte de mailles
itm_long_mail_coat|Longue Cotte de mailles
itm_long_mail_coat_pl|Longues Cottes de mailles
itm_mail_with_tunic_red|Cotte de mailles avec Tunique
itm_mail_with_tunic_red_pl|Cottes de mailles avec Tunique
itm_mail_with_tunic_green|Cotte de mailles avec Tunique
itm_mail_with_tunic_green_pl|Cottes de mailles avec Tunique
itm_hide_coat|Cotte en peau
itm_hide_coat_pl|Cotte en peau
itm_merchant_outfit|Tenue de marchand
itm_merchant_outfit_pl|Tenues de marchand
itm_homespun_dress|Robe filée à la main
itm_homespun_dress_pl|Robes filées à la main
itm_thick_coat|Cotte épaisse
itm_thick_coat_pl|Cotte épaisse
itm_coat_with_cape|Cotte avec Cape
itm_coat_with_cape_pl|Cotte avec Cape
itm_steppe_outfit|Tenue des steppes
itm_steppe_outfit_pl|Tenues des steppes
itm_nordic_outfit|Tenue Nordique
itm_nordic_outfit_pl|Tenues Nordiques
itm_nordic_armor|Armure Nordique
itm_nordic_armor_pl|Armures Nordiques
itm_hide_armor|Armure en peau
itm_hide_armor_pl|Armure en peau
itm_cloaked_tunic|Tunique drapée
itm_cloaked_tunic_pl|Tuniques drapées
itm_sleeveless_tunic|Tunique sans manches
itm_sleeveless_tunic_pl|Tuniques sans manches
itm_sleeveless_leather_tunic|Tunique cuir sans manches
itm_sleeveless_leather_tunic_pl|Tuniques cuir sans manches
itm_linen_shirt|Chainse de lin
itm_linen_shirt_pl|Chainses de lin
itm_wool_coat|Cotte en laine
itm_wool_coat_pl|Cotte en laine
itm_dress|Robe
itm_dress_pl|Robe
itm_blue_dress|Robe
itm_blue_dress_pl|Robe
itm_peasant_dress|Robe de paysanne
itm_peasant_dress_pl|Robe de paysanne
itm_woolen_dress|Robe en laine
itm_woolen_dress_pl|Robe en laine
itm_shirt|Chainse
itm_shirt_pl|Chainse
itm_linen_tunic|Chainse de lin
itm_linen_tunic_pl|Chainse de lin
itm_short_tunic|Tunique
itm_short_tunic_pl|Tunique
itm_red_shirt|Chainse
itm_red_shirt_pl|Chainse
itm_red_tunic|Tunique
itm_red_tunic_pl|Tunique
itm_green_tunic|Tunique
itm_green_tunic_pl|Tunique
itm_blue_tunic|Tunique
itm_blue_tunic_pl|Tunique
itm_robe|Robe
itm_robe_pl|Robe
itm_coarse_tunic|Bliaut
itm_coarse_tunic_pl|Bliaut
itm_leather_apron|Tablier cuir
itm_leather_apron_pl|Tablier cuir
itm_tabard|Tabard
itm_tabard_pl|Tabard
itm_leather_vest|Gilet cuir
itm_leather_vest_pl|Gilet cuir
itm_steppe_armor|Armure des steppes
itm_steppe_armor_pl|Armure des steppes
itm_gambeson|Gambison
itm_gambeson_pl|Gambison
itm_blue_gambeson|Gambison
itm_blue_gambeson_pl|Gambison
itm_red_gambeson|Gambison
itm_red_gambeson_pl|Gambison
itm_padded_cloth|Jaque
itm_padded_cloth_pl|Jaque
itm_aketon_green|Doublet
itm_aketon_green_pl|Doublet
itm_leather_jerkin|Justaucorps cuir
itm_leather_jerkin_pl|Justaucorps cuir
itm_nomad_vest|Gilet de nomade
itm_nomad_vest_pl|Gilet de nomade
itm_ragged_outfit|Cotte à bretelle
itm_ragged_outfit_pl|Cottes à bretelle
itm_padded_leather|Cotte cuir rembourrée
itm_padded_leather_pl|Cotte cuir rembourrée
itm_tribal_warrior_outfit|Cuirasse cuir
itm_tribal_warrior_outfit_pl|Cuirasses cuir
itm_nomad_robe|Robe de nomade
itm_nomad_robe_pl|Robe de nomade
itm_studded_leather_coat|Broigne cuir
itm_studded_leather_coat_pl|Broigne cuir
itm_byrnie|Haubergeon
itm_byrnie_pl|Haubergeon
itm_haubergeon|Haubergeon riveté
itm_haubergeon_pl|Haubergeons riveté
itm_lamellar_vest|Plastron lamellaire
itm_lamellar_vest_pl|Plastron lamellaire
itm_lamellar_vest_khergit|Plastron lamellaire
itm_lamellar_vest_khergit_pl|Plastron lamellaire
itm_mail_shirt|Haubert
itm_mail_shirt_pl|Haubert
itm_mail_hauberk|Haubert riveté
itm_mail_hauberk_pl|Haubert riveté
itm_mail_with_surcoat|Cotte de mailles avec surcot
itm_mail_with_surcoat_pl|Cotte de mailles avec surcot
itm_surcoat_over_mail|Cotte de mailles avec surcot doublé
itm_surcoat_over_mail_pl|Cotte de mailles avec surcot doublé
itm_brigandine_red|Brigandine
itm_brigandine_red_pl|Brigandine
itm_lamellar_armor|Cuirasse lamellaire
itm_lamellar_armor_pl|Cuirasse lamellaire
itm_scale_armor|Cuirasse d'écailles
itm_scale_armor_pl|Cuirasse d'écailles
itm_banded_armor|Armure enrubannée
itm_banded_armor_pl|Armure enrubannée
itm_cuir_bouilli|Cuir bouilli
itm_cuir_bouilli_pl|Cuir bouilli
itm_coat_of_plates|Cotte de plates
itm_coat_of_plates_pl|Cotte de plates
itm_coat_of_plates_red|Cotte de plates
itm_coat_of_plates_red_pl|Cotte de plates
itm_plate_armor|Armure de plates
itm_plate_armor_pl|Armures de plates
itm_black_armor|Armure noire
itm_black_armor_pl|Armure noire
itm_pelt_coat|Doublet de fourrure
itm_pelt_coat_pl|Doublet de fourrure
itm_khergit_elite_armor|Armure Khergit d'élite
itm_khergit_elite_armor_pl|Armure Khergit d'élite
itm_vaegir_elite_armor|Armure Vaegir d'élite
itm_vaegir_elite_armor_pl|Armure Vaegir d'élite
itm_sarranid_elite_armor|Armure Sarranide d'élite
itm_sarranid_elite_armor_pl|Armure Sarranide d'élite
itm_sarranid_dress_a|Robe
itm_sarranid_dress_a_pl|Robe
itm_sarranid_dress_b|Robe
itm_sarranid_dress_b_pl|Robe
itm_sarranid_cloth_robe|Robe usagée
itm_sarranid_cloth_robe_pl|Robe usagée
itm_sarranid_cloth_robe_b|Robe usagée
itm_sarranid_cloth_robe_b_pl|Robe usagée
itm_skirmisher_armor|Armure de Tirailleur
itm_skirmisher_armor_pl|Armure de Tirailleur
itm_archers_vest|Gilet rembourré d'Archer
itm_archers_vest_pl|Gilet rembourré d'Archer
itm_sarranid_leather_armor|Armure cuir Sarranide
itm_sarranid_leather_armor_pl|Armure cuir Sarranide
itm_sarranid_cavalry_robe|Robe de Cavalerie
itm_sarranid_cavalry_robe_pl|Robe de Cavalerie
itm_arabian_armor_b|Armure de Garde Sarranide
itm_arabian_armor_b_pl|Armure de Garde Sarranide
itm_sarranid_mail_shirt|Chemise Maille Sarranide
itm_sarranid_mail_shirt_pl|Chemise Maille Sarranide
itm_mamluke_mail|Maille Mamelouk
itm_mamluke_mail_pl|Maille Mamelouk
itm_burlap_tunic|Tunique toile de jute
itm_burlap_tunic_pl|Tunique toile de jute
itm_heraldic_mail_with_surcoat|Maille héraldique avec Surcot
itm_heraldic_mail_with_surcoat_pl|Maille héraldique avec Surcot
itm_heraldic_mail_with_tunic|Maille héraldique
itm_heraldic_mail_with_tunic_pl|Maille héraldique
itm_heraldic_mail_with_tunic_b|Maille héraldique
itm_heraldic_mail_with_tunic_b_pl|Maille héraldique
itm_heraldic_mail_with_tabard|Maille héraldique avec Tabard
itm_heraldic_mail_with_tabard_pl|Maille héraldique avec Tabard
itm_turret_hat_ruby|Touret
itm_turret_hat_ruby_pl|Touret
itm_turret_hat_blue|Touret
itm_turret_hat_blue_pl|Touret
itm_turret_hat_green|Barbette
itm_turret_hat_green_pl|Barbette
itm_head_wrappings|Châle
itm_head_wrappings_pl|Châle
itm_court_hat|Touret
itm_court_hat_pl|Touret
itm_wimple_a|Guimpe
itm_wimple_a_pl|Guimpe
itm_wimple_with_veil|Guimpe avec foulard
itm_wimple_with_veil_pl|Guimpe avec foulard
itm_straw_hat|Chapeau de paille
itm_straw_hat_pl|Chapeau de paille
itm_common_hood|Capuchon
itm_common_hood_pl|Capuchon
itm_hood_b|Capuchon
itm_hood_b_pl|Capuchon
itm_hood_c|Capuchon
itm_hood_c_pl|Capuchon
itm_hood_d|Capuchon
itm_hood_d_pl|Capuchon
itm_headcloth|Chaperon roulé
itm_headcloth_pl|Chaperon roulé
itm_woolen_hood|Capuchon de laine
itm_woolen_hood_pl|Capuchon de laine
itm_arming_cap|Capuchon rembourré
itm_arming_cap_pl|Capuchon rembourré
itm_fur_hat|Bonnet en fourrure
itm_fur_hat_pl|Bonnet en fourrure
itm_nomad_cap|Bonnet de nomade
itm_nomad_cap_pl|Bonnet de nomade
itm_nomad_cap_b|Bonnet de nomade
itm_nomad_cap_b_pl|Bonnet de nomade
itm_steppe_cap|Bonnet des steppes
itm_steppe_cap_pl|Bonnet des steppes
itm_padded_coif|Coiffe rembourrée
itm_padded_coif_pl|Coiffe rembourrée
itm_woolen_cap|Bonnet de laine
itm_woolen_cap_pl|Bonnet de laine
itm_felt_hat|Chapeau de feutre
itm_felt_hat_pl|Chapeaux de feutre
itm_felt_hat_b|Galeron
itm_felt_hat_b_pl|Galeron
itm_leather_cap|Capuchon cuir
itm_leather_cap_pl|Capuchon cuir
itm_female_hood|Capuchon de dame
itm_female_hood_pl|Capuchons de dame
itm_leather_steppe_cap_a|Coiffe des steppes
itm_leather_steppe_cap_a_pl|Coiffe des steppes
itm_leather_steppe_cap_b|Coiffe des steppes
itm_leather_steppe_cap_b_pl|Coiffe des steppes
itm_leather_steppe_cap_c|Coiffe des steppes
itm_leather_steppe_cap_c_pl|Coiffe des steppes
itm_leather_warrior_cap|Cervelière cuir
itm_leather_warrior_cap_pl|Cervelière cuir
itm_skullcap|Couve-chef
itm_skullcap_pl|Couve-chef
itm_mail_coif|Camail
itm_mail_coif_pl|Camail
itm_footman_helmet|Casque de Fantassin
itm_footman_helmet_pl|Casque de Fantassin
itm_nasal_helmet|Casque nasal
itm_nasal_helmet_pl|Casque nasal
itm_norman_helmet|Casque avec jugulaire
itm_norman_helmet_pl|Casque avec jugulaire
itm_segmented_helmet|Casque riveté
itm_segmented_helmet_pl|Casque riveté
itm_helmet_with_neckguard|Casque à nuquière
itm_helmet_with_neckguard_pl|Casque à nuquière
itm_flat_topped_helmet|Casque à timbre plat
itm_flat_topped_helmet_pl|Casque à timbre plat
itm_kettle_hat|Bouilloire
itm_kettle_hat_pl|Bouilloire
itm_spiked_helmet|Casque à pointe
itm_spiked_helmet_pl|Casque à pointe
itm_nordic_helmet|Casque Nordique
itm_nordic_helmet_pl|Casque Nordique
itm_khergit_lady_hat|Coiffe de dame Khergit
itm_khergit_lady_hat_pl|Coiffe de dame Khergit
itm_khergit_lady_hat_b|Coiffe cuir de dame Khergit
itm_khergit_lady_hat_b_pl|Coiffe cuir de dame Khergit
itm_sarranid_felt_hat|Feutre Sarranide
itm_sarranid_felt_hat_pl|Feutre Sarranide
itm_turban|Turban
itm_turban_pl|Turbans
itm_desert_turban|Turban du désert
itm_desert_turban_pl|Turban du désert
itm_sarranid_warrior_cap|Coiffe de Guerrier Sarranide
itm_sarranid_warrior_cap_pl|Coiffe de Guerrier Sarranide
itm_sarranid_horseman_helmet|Coiffe de Cavalier
itm_sarranid_horseman_helmet_pl|Coiffe de Cavalier
itm_sarranid_helmet1|Keffieh Sarranide
itm_sarranid_helmet1_pl|Keffieh Sarranide
itm_sarranid_mail_coif|Coiffe mailles Sarranide
itm_sarranid_mail_coif_pl|Coiffe mailles Sarranide
itm_sarranid_veiled_helmet|Coiffe voilée Sarranide
itm_sarranid_veiled_helmet_pl|Coiffe voilée Sarranide
itm_nordic_archer_helmet|Casque cuir Nordique
itm_nordic_archer_helmet_pl|Casque cuir Nordique
itm_nordic_veteran_archer_helmet|Casque cuir Nordique
itm_nordic_veteran_archer_helmet_pl|Casque cuir Nordique
itm_nordic_footman_helmet|Casque de Fantassin Nordique
itm_nordic_footman_helmet_pl|Casque de Fantassin Nordique
itm_nordic_fighter_helmet|Casque de combat Nordique
itm_nordic_fighter_helmet_pl|Casque de combat Nordique
itm_nordic_huscarl_helmet|Casque d'Huscarl Nordique
itm_nordic_huscarl_helmet_pl|Casque d'Huscarl Nordique
itm_nordic_warlord_helmet|Casque Seigneur de guerre Nordique
itm_nordic_warlord_helmet_pl|Casque Seigneur de guerre Nordique
itm_vaegir_fur_cap|Couvre-chef à fourrure
itm_vaegir_fur_cap_pl|Couvre-chef à fourrure
itm_vaegir_fur_helmet|Casque Vaegir
itm_vaegir_fur_helmet_pl|Casque Vaegir
itm_vaegir_spiked_helmet|Pointu
itm_vaegir_spiked_helmet_pl|Pointu
itm_vaegir_lamellar_helmet|Casque à garde lamellaire
itm_vaegir_lamellar_helmet_pl|Casque à garde lamellaire
itm_vaegir_noble_helmet|Casque de noble Vaegir
itm_vaegir_noble_helmet_pl|Casque de noble Vaegir
itm_vaegir_war_helmet|Casque de guerre Vaegir
itm_vaegir_war_helmet_pl|Casque de guerre Vaegir
itm_vaegir_mask|Masque de guerre Vaegir
itm_vaegir_mask_pl|Masque de guerre Vaegir
itm_bascinet|Bacinet
itm_bascinet_pl|Bacinet
itm_bascinet_2|Bacinet à gorgière
itm_bascinet_2_pl|Bacinet à gorgière
itm_bascinet_3|Bacinet à gorgière et bretèche
itm_bascinet_3_pl|Bacinet à gorgière et bretèche
itm_guard_helmet|Casque de Garde
itm_guard_helmet_pl|Casque de Garde
itm_black_helmet|Barbute noire
itm_black_helmet_pl|Barbute noire
itm_full_helm|Casque massif
itm_full_helm_pl|Casque massif
itm_great_helmet|Grand heaume
itm_great_helmet_pl|Grand heaume
itm_winged_great_helmet|Grand heaume ailé
itm_winged_great_helmet_pl|Grand heaume ailé
itm_wooden_stick|Bâton en bois
itm_wooden_stick_pl|Bâton en bois
itm_cudgel|Massue
itm_cudgel_pl|Massue
itm_hammer|Marteau
itm_hammer_pl|Marteau
itm_club|Gourdin
itm_club_pl|Gourdins
itm_winged_mace|Masse à ailettes
itm_winged_mace_pl|Masse à ailettes
itm_spiked_mace|Masse barbelée
itm_spiked_mace_pl|Masse barbelée
itm_military_hammer|Bec-de-corbin
itm_military_hammer_pl|Bec-de-corbin
itm_maul|Masse
itm_maul_pl|Masse
itm_sledgehammer|Maillet
itm_sledgehammer_pl|Maillet
itm_warhammer|Plommée
itm_warhammer_pl|Plommée
itm_pickaxe|Rivelaine
itm_pickaxe_pl|Rivelaine
itm_spiked_club|Gourdin à pointes
itm_spiked_club_pl|Gourdins à pointes
itm_fighting_pick|Martel de fer
itm_fighting_pick_pl|Martel de fer
itm_military_pick|Piolet militaire
itm_military_pick_pl|Piolet militaire
itm_morningstar|Fléau d'arme
itm_morningstar_pl|Fléau d'arme
itm_sickle|Faucille
itm_sickle_pl|Faucille
itm_cleaver|Couperet
itm_cleaver_pl|Couperet
itm_knife|Couteau
itm_knife_pl|Couteau
itm_butchering_knife|Couteau de boucher
itm_butchering_knife_pl|Couteau de boucher
itm_dagger|Dague
itm_dagger_pl|Dague
itm_falchion|Fauchon
itm_falchion_pl|Fauchon
itm_scimitar|Cimeterre
itm_scimitar_pl|Cimeterre
itm_scimitar_b|Cimeterre d'élite
itm_scimitar_b_pl|Cimeterre d'élite
itm_arabian_sword_a|Épée Sarranide
itm_arabian_sword_a_pl|Épée Sarranide
itm_arabian_sword_b|Épée d'arme Sarranide
itm_arabian_sword_b_pl|Épée d'arme Sarranide
itm_sarranid_cavalry_sword|Épée Cavalerie Sarranide
itm_sarranid_cavalry_sword_pl|Épée Cavalerie Sarranide
itm_arabian_sword_d|Épée de Garde Sarranide
itm_arabian_sword_d_pl|Épée de Garde Sarranide
itm_great_sword|Grande Épée
itm_great_sword_pl|Grande Épée
itm_sword_of_war|Épée de guerre
itm_sword_of_war_pl|Épée de guerre
itm_hatchet|Hachette
itm_hatchet_pl|Hachette
itm_hand_axe|Cognée
itm_hand_axe_pl|Cognée
itm_fighting_axe|Hache d'arçon
itm_fighting_axe_pl|Haches d'arçon
itm_axe|Hache à deux mains
itm_axe_pl|Haches à deux mains
itm_voulge|Voulge
itm_voulge_pl|Voulge
itm_battle_axe|Hache de bataille
itm_battle_axe_pl|Hache de bataille
itm_war_axe|Hache de guerre
itm_war_axe_pl|Hache de guerre
itm_sword_two_handed_b|Épée à deux mains
itm_sword_two_handed_b_pl|Épée à deux mains
itm_sword_two_handed_a|Estramaçon
itm_sword_two_handed_a_pl|Estramaçon
itm_khergit_sword_two_handed_a|Sabre à deux mains
itm_khergit_sword_two_handed_a_pl|Sabre à deux mains
itm_khergit_sword_two_handed_b|Sabre à deux mains
itm_khergit_sword_two_handed_b_pl|Sabre à deux mains
itm_two_handed_cleaver|Couperet de guerre
itm_two_handed_cleaver_pl|Couperet de guerre
itm_military_cleaver_b|Couperet de soldat
itm_military_cleaver_b_pl|Couperet de soldat
itm_military_cleaver_c|Couperet militaire
itm_military_cleaver_c_pl|Couperet militaire
itm_military_sickle_a|Faucille de guerre
itm_military_sickle_a_pl|Faucille de guerre
itm_bastard_sword_a|Épée bâtarde
itm_bastard_sword_a_pl|Épée bâtarde
itm_bastard_sword_b|Lourde épée bâtarde
itm_bastard_sword_b_pl|Lourde épée bâtarde
itm_one_handed_war_axe_a|Hache une main
itm_one_handed_war_axe_a_pl|Hache une main
itm_one_handed_battle_axe_a|Hache de bataille une main
itm_one_handed_battle_axe_a_pl|Hache de bataille une main
itm_one_handed_war_axe_b|Hache de guerre une main
itm_one_handed_war_axe_b_pl|Hache de guerre une main
itm_one_handed_battle_axe_b|Hache de bataille une main
itm_one_handed_battle_axe_b_pl|Hache de bataille une main
itm_one_handed_battle_axe_c|Hache de bataille une main
itm_one_handed_battle_axe_c_pl|Hache de bataille une main
itm_two_handed_axe|Hache à deux mains
itm_two_handed_axe_pl|Hache à deux mains
itm_two_handed_battle_axe_2|Hache de guerre à deux mains
itm_two_handed_battle_axe_2_pl|Hache de guerre à deux mains
itm_shortened_voulge|Voulge courte
itm_shortened_voulge_pl|Voulge courte
itm_great_axe|Grande Hache
itm_great_axe_pl|Grande Hache
itm_long_axe|Hache longue
itm_long_axe_pl|Hache longue
itm_long_axe_alt|Hache longue
itm_long_axe_alt_pl|Hache longue
itm_long_axe_b|Hache longue de guerre
itm_long_axe_b_pl|Hache longue de guerre
itm_long_axe_b_alt|Hache longue de guerre
itm_long_axe_b_alt_pl|Hache longue de guerre
itm_long_axe_c|Grande hache longue
itm_long_axe_c_pl|Grande hache longue
itm_long_axe_c_alt|Grande et longue hache
itm_long_axe_c_alt_pl|Grande et longue hache
itm_bardiche|Bardiche
itm_bardiche_pl|Bardiche
itm_great_bardiche|Grande Bardiche
itm_great_bardiche_pl|Grande Bardiche
itm_long_bardiche|Longue Bardiche
itm_long_bardiche_pl|Longue Bardiche
itm_great_long_bardiche|Grande et longue Bardiche
itm_great_long_bardiche_pl|Grande et longue Bardiche
itm_hafted_blade_b|Lame emmanchée
itm_hafted_blade_b_pl|Lame emmanchée
itm_hafted_blade_a|Lame emmanchée
itm_hafted_blade_a_pl|Lame emmanchée
itm_shortened_military_scythe|Faux courte militaire
itm_shortened_military_scythe_pl|Faux courte militaire
itm_sword_medieval_a|Épée
itm_sword_medieval_a_pl|Épée
itm_sword_medieval_b|Épée
itm_sword_medieval_b_pl|Épée
itm_sword_medieval_b_small|Épée courte
itm_sword_medieval_b_small_pl|Épée courte
itm_sword_medieval_c|Épée d'arme
itm_sword_medieval_c_pl|Épée d'arme
itm_sword_medieval_c_small|Épée d'arme courte
itm_sword_medieval_c_small_pl|Épée d'arme courte
itm_sword_medieval_c_long|Épée d'arçon
itm_sword_medieval_c_long_pl|Épée d'arçon
itm_sword_medieval_d_long|Longue Épée d'arme
itm_sword_medieval_d_long_pl|Longue Épée d'arme
itm_sword_viking_1|Épée basique Nordique
itm_sword_viking_1_pl|Épée basique Nordique
itm_sword_viking_2|Épée Nordique
itm_sword_viking_2_pl|Épée Nordique
itm_sword_viking_2_small|Épée courte Nordique
itm_sword_viking_2_small_pl|Épée courte Nordique
itm_sword_viking_3|Épée de guerre Nordique
itm_sword_viking_3_pl|Épée de guerre Nordique
itm_sword_viking_3_small|Épée courte de guerre Nordique
itm_sword_viking_3_small_pl|Épée courte de guerre Nordique
itm_sword_khergit_1|Sabre de nomade
itm_sword_khergit_1_pl|Sabre de nomade
itm_sword_khergit_2|Sabre basique
itm_sword_khergit_2_pl|Sabre basique
itm_sword_khergit_3|Sabre
itm_sword_khergit_3_pl|Sabre
itm_sword_khergit_4|Sabre lourd
itm_sword_khergit_4_pl|Sabre lourd
itm_mace_1|Gourdin clouté
itm_mace_1_pl|Gourdin clouté
itm_mace_2|Massue à pointes
itm_mace_2_pl|Massue à pointes
itm_mace_3|Massue barbelée
itm_mace_3_pl|Massue barbelée
itm_mace_4|Massue à ailettes
itm_mace_4_pl|Massue à ailettes
itm_club_with_spike_head|Massue à pointes
itm_club_with_spike_head_pl|Massue à pointes
itm_long_spiked_club|Masse d'arme cloutée
itm_long_spiked_club_pl|Masse d'arme cloutée
itm_long_hafted_knobbed_mace|Masse d'arme à pointes
itm_long_hafted_knobbed_mace_pl|Masse d'arme à pointes
itm_long_hafted_spiked_mace|Masse d'arme barbelée
itm_long_hafted_spiked_mace_pl|Masse d'arme barbelée
itm_sarranid_two_handed_mace_1|Masse en fer
itm_sarranid_two_handed_mace_1_pl|Masse en fer
itm_sarranid_mace_1|Masse en fer
itm_sarranid_mace_1_pl|Masse en fer
itm_sarranid_axe_a|Hache de bataille en fer
itm_sarranid_axe_a_pl|Hache de bataille en fer
itm_sarranid_axe_b|Hache de guerre en fer
itm_sarranid_axe_b_pl|Hache de guerre en fer
itm_sarranid_two_handed_axe_a|Hache de bataille Sarranide
itm_sarranid_two_handed_axe_a_pl|Hache de bataille Sarranide
itm_sarranid_two_handed_axe_b|Hache de guerre Sarranide
itm_sarranid_two_handed_axe_b_pl|Hache de guerre Sarranide
itm_scythe|Faux
itm_scythe_pl|Faux
itm_pitch_fork|Fourche à foin
itm_pitch_fork_pl|Fourche à foin
itm_military_fork|Fourche
itm_military_fork_pl|Fourche
itm_battle_fork|Fourche de bataille
itm_battle_fork_pl|Fourche de bataille
itm_boar_spear|Épieu de chasse
itm_boar_spear_pl|Épieu de chasse
itm_jousting_lance|Lance de joute
itm_jousting_lance_pl|Lance de joute
itm_double_sided_lance|Lance double-pointe
itm_double_sided_lance_pl|Lance double-pointe
itm_glaive|Glaive
itm_glaive_pl|Glaive
itm_poleaxe|Hache d'arme
itm_poleaxe_pl|Haches d'arme
itm_polehammer|Plombée
itm_polehammer_pl|Plombée
itm_staff|Bâton
itm_staff_pl|Bâton
itm_quarter_staff|Bâton de combat
itm_quarter_staff_pl|Bâton de combat
itm_iron_staff|Bâton ferré
itm_iron_staff_pl|Bâton ferré
itm_shortened_spear|Picon
itm_shortened_spear_pl|Picon
itm_spear|Épieu
itm_spear_pl|Épieu
itm_bamboo_spear|Épieu bambou
itm_bamboo_spear_pl|Épieu bambou
itm_war_spear|Épieu de guerre
itm_war_spear_pl|Épieux de guerre
itm_military_scythe|Faux militaire
itm_military_scythe_pl|Faux militaire
itm_light_lance|Lance légère
itm_light_lance_pl|Lance légère
itm_lance|Lance
itm_lance_pl|Lance
itm_heavy_lance|Lance lourde
itm_heavy_lance_pl|Lance lourde
itm_great_lance|Lance de charge
itm_great_lance_pl|Lance de charge
itm_pike|Pique
itm_pike_pl|Pique
itm_ashwood_pike|Pique bois de frêne
itm_ashwood_pike_pl|Pique bois de frêne
itm_awlpike|Plançon
itm_awlpike_pl|Plançon
itm_awlpike_long|Plançon long
itm_awlpike_long_pl|Plançon long
itm_bec_de_corbin_a|Marteau de guerre
itm_bec_de_corbin_a_pl|Marteau de guerre
itm_wooden_shield|Bouclier en bois
itm_wooden_shield_pl|Bouclier en bois
itm_nordic_shield|Bouclier Nordique
itm_nordic_shield_pl|Bouclier Nordique
itm_fur_covered_shield|Grand Bouclier avec fourrure
itm_fur_covered_shield_pl|Grand Bouclier avec fourrure
itm_steel_shield|Bouclier en acier
itm_steel_shield_pl|Bouclier en acier
itm_plate_covered_round_shield|Bouclier cerclé plaqué
itm_plate_covered_round_shield_pl|Bouclier cerclé plaqué
itm_leather_covered_round_shield|Bouclier cerclé avec cuir
itm_leather_covered_round_shield_pl|Bouclier cerclé avec cuir
itm_hide_covered_round_shield|Bouclier cerclé avec peau
itm_hide_covered_round_shield_pl|Bouclier cerclé avec peau
itm_shield_heater_c|Écu
itm_shield_heater_c_pl|Écu
itm_norman_shield_1|Bouclier Normand
itm_norman_shield_1_pl|Bouclier Normand
itm_norman_shield_2|Bouclier Normand
itm_norman_shield_2_pl|Bouclier Normand
itm_norman_shield_3|Bouclier Normand
itm_norman_shield_3_pl|Bouclier Normand
itm_norman_shield_4|Bouclier Normand
itm_norman_shield_4_pl|Bouclier Normand
itm_norman_shield_5|Bouclier Normand
itm_norman_shield_5_pl|Bouclier Normand
itm_norman_shield_6|Bouclier Normand
itm_norman_shield_6_pl|Bouclier Normand
itm_norman_shield_7|Bouclier Normand
itm_norman_shield_7_pl|Bouclier Normand
itm_norman_shield_8|Bouclier Normand
itm_norman_shield_8_pl|Bouclier Normand
itm_tab_shield_round_a|Vieux Bouclier cerclé
itm_tab_shield_round_a_pl|Vieux Bouclier cerclé
itm_tab_shield_round_b|Bouclier massif cerclé
itm_tab_shield_round_b_pl|Bouclier massif cerclé
itm_tab_shield_round_c|Bouclier cerclé
itm_tab_shield_round_c_pl|Bouclier cerclé
itm_tab_shield_round_d|Bouclier lourd cerclé
itm_tab_shield_round_d_pl|Bouclier lourd cerclé
itm_tab_shield_round_e|Bouclier cerclé d'Huscarl
itm_tab_shield_round_e_pl|Bouclier cerclé d'Huscarl
itm_tab_shield_kite_a|Vieux bouclier amande
itm_tab_shield_kite_a_pl|Vieux bouclier amande
itm_tab_shield_kite_b|Bouclier massif amande
itm_tab_shield_kite_b_pl|Bouclier massif amande
itm_tab_shield_kite_c|Bouclier amande
itm_tab_shield_kite_c_pl|Bouclier amande
itm_tab_shield_kite_d|Bouclier lourd amande
itm_tab_shield_kite_d_pl|Bouclier lourd amande
itm_tab_shield_kite_cav_a|Bouclier amande de Cavalier
itm_tab_shield_kite_cav_a_pl|Bouclier amande de Cavalier 
itm_tab_shield_kite_cav_b|Bouclier amande de Chevalier
itm_tab_shield_kite_cav_b_pl|Bouclier amande de Chevalier
itm_tab_shield_heater_a|Vieil Écu
itm_tab_shield_heater_a_pl|Vieil Écu
itm_tab_shield_heater_b|Écu massif
itm_tab_shield_heater_b_pl|Écu massif
itm_tab_shield_heater_c|Écu
itm_tab_shield_heater_c_pl|Écu
itm_tab_shield_heater_d|Écu lourd
itm_tab_shield_heater_d_pl|Écu lourd
itm_tab_shield_heater_cav_a|Écu de Cavalier
itm_tab_shield_heater_cav_a_pl|Écu de Cavalier
itm_tab_shield_heater_cav_b|Écu de Chevalier
itm_tab_shield_heater_cav_b_pl|Écu de Chevalier
itm_tab_shield_pavise_a|Vieux Pavois
itm_tab_shield_pavise_a_pl|Vieux Pavois
itm_tab_shield_pavise_b|Pavois massif
itm_tab_shield_pavise_b_pl|Pavois massif
itm_tab_shield_pavise_c|Pavois
itm_tab_shield_pavise_c_pl|Pavois
itm_tab_shield_pavise_d|Pavois lourd
itm_tab_shield_pavise_d_pl|Pavois lourd
itm_tab_shield_small_round_a|Bouclier massif de Cavalerie
itm_tab_shield_small_round_a_pl|Bouclier massif de Cavalerie
itm_tab_shield_small_round_b|Bouclier cerclé de Cavalerie
itm_tab_shield_small_round_b_pl|Bouclier cerclé de Cavalerie
itm_tab_shield_small_round_c|Bouclier de Cavalerie d'élite
itm_tab_shield_small_round_c_pl|Bouclier de Cavalerie d'élite
itm_darts|Fléchette
itm_darts_pl|Fléchettes
itm_war_darts|Fléchette de guerre
itm_war_darts_pl|Fléchettes de guerre
itm_javelin|Javelot
itm_javelin_pl|Javelots
itm_javelin_melee|Javeline
itm_javelin_melee_pl|Javelines
itm_throwing_spears|Framée
itm_throwing_spears_pl|Framées
itm_throwing_spear_melee|Framée
itm_throwing_spear_melee_pl|Framées
itm_jarid|Angon
itm_jarid_pl|Angons
itm_jarid_melee|Angon
itm_jarid_melee_pl|Angons
itm_stones|Pierres
itm_stones_pl|Pierres
itm_throwing_knives|Couteau de jet
itm_throwing_knives_pl|Couteaux de jet
itm_throwing_daggers|Dague de jet
itm_throwing_daggers_pl|Dagues de jet
itm_light_throwing_axes|Francisque légère
itm_light_throwing_axes_pl|Francisques légères
itm_light_throwing_axes_melee|Francisque légère
itm_light_throwing_axes_melee_pl|Francisques légères
itm_throwing_axes|Francisque
itm_throwing_axes_pl|Francisques
itm_throwing_axes_melee|Francisque
itm_throwing_axes_melee_pl|Francisques
itm_heavy_throwing_axes|Francisque lourde
itm_heavy_throwing_axes_pl|Francisques lourdes
itm_heavy_throwing_axes_melee|Francisque lourde
itm_heavy_throwing_axes_melee_pl|Francisques lourdes
itm_hunting_bow|Arc de chasse
itm_hunting_bow_pl|Arc de chasse
itm_short_bow|Arc court
itm_short_bow_pl|Arc court
itm_nomad_bow|Arc de nomade
itm_nomad_bow_pl|Arc de nomade
itm_long_bow|Arc long
itm_long_bow_pl|Arc long
itm_khergit_bow|Arc Khergit
itm_khergit_bow_pl|Arc Khergit
itm_strong_bow|Arc composite
itm_strong_bow_pl|Arc composite
itm_war_bow|Arc de guerre
itm_war_bow_pl|Arc de guerre
itm_hunting_crossbow|Cranequin
itm_hunting_crossbow_pl|Cranequin
itm_light_crossbow|Arbalète légère
itm_light_crossbow_pl|Arbalète légère
itm_crossbow|Arbalète
itm_crossbow_pl|Arbalète
itm_heavy_crossbow|Arbalète lourde
itm_heavy_crossbow_pl|Arbalète lourde
itm_sniper_crossbow|Arbalète de siège
itm_sniper_crossbow_pl|Arbalète de siège
itm_flintlock_pistol|Fusil à silex
itm_flintlock_pistol_pl|Fusil à silex
itm_torch|Torche
itm_torch_pl|Torche
itm_lyre|Lyre
itm_lyre_pl|Lyre
itm_lute|Luth
itm_lute_pl|Luth
itm_strange_armor|Armure étrange
itm_strange_armor_pl|Armure étrange
itm_strange_boots|Bottes étranges
itm_strange_boots_pl|Bottes étranges
itm_strange_helmet|Casque étrange
itm_strange_helmet_pl|Casque étrange
itm_strange_sword|Épée étrange
itm_strange_sword_pl|Épée étrange
itm_strange_great_sword|Grande Épée étrange
itm_strange_great_sword_pl|Grande Épée étrange
itm_strange_short_sword|Épée courte étrange
itm_strange_short_sword_pl|Épée courte étrange
itm_court_dress|Robe de Courtisane
itm_court_dress_pl|Robe de Courtisane
itm_rich_outfit|Tenue bourgeoise
itm_rich_outfit_pl|Tenue bourgeoise
itm_khergit_guard_armor|Armure de Garde Khergit
itm_khergit_guard_armor_pl|Armure de Garde Khergit
itm_felt_steppe_cap|Feutre des steppes
itm_felt_steppe_cap_pl|Feutre des steppes
itm_khergit_war_helmet|Casque de guerre Khergit
itm_khergit_war_helmet_pl|Casque de guerre Khergit
itm_khergit_helmet|Casque Khergit
itm_khergit_helmet_pl|Casque Khergit
itm_khergit_guard_boots|Bottes de Garde Khergit
itm_khergit_guard_boots_pl|Bottes de Garde Khergit
itm_khergit_guard_helmet|Casque de Garde Khergit
itm_khergit_guard_helmet_pl|Casque de Garde Khergit
itm_khergit_cavalry_helmet|Casque de Cavalerie Khergit
itm_khergit_cavalry_helmet_pl|Casque de Cavalerie Khergit
itm_black_hood|Capuchon noir
itm_black_hood_pl|Capuchon noir
itm_light_leather|Cuir léger
itm_light_leather_pl|Cuir léger
itm_light_leather_boots|Bottes légères cuir
itm_light_leather_boots_pl|Bottes légères cuir
itm_mail_and_plate|Maille et Plates
itm_mail_and_plate_pl|Maille et Plates
itm_light_mail_and_plate|Maille légère et Plates
itm_light_mail_and_plate_pl|Maille légère et Plates
itm_byzantion_helmet_a|Casque Byzantin
itm_byzantion_helmet_a_pl|Casque Byzantin
itm_magyar_helmet_a|Casque Magyar
itm_magyar_helmet_a_pl|Casque Magyar
itm_rus_helmet_a|Casque Russe
itm_rus_helmet_a_pl|Casque Russe
itm_sipahi_helmet_a|Casque Sipahi
itm_sipahi_helmet_a_pl|Casque Sipahi
itm_shahi|Shahi
itm_shahi_pl|Shahi
itm_rabati|Rabati
itm_rabati_pl|Rabati
itm_tunic_with_green_cape|Tunique avec Cape verte
itm_tunic_with_green_cape_pl|Tunique avec Cape verte
itm_keys|Trousseau de clés
itm_keys_pl|Trousseau de clés
itm_bride_dress|Robe de mariée
itm_bride_dress_pl|Robe de mariée
itm_bride_crown|Couronne de fleurs
itm_bride_crown_pl|Couronne de fleurs
itm_bride_shoes|Chaussures de mariée
itm_bride_shoes_pl|Chaussures de mariée
itm_practice_bow_2|Arc d'entraînement
itm_practice_bow_2_pl|Arc d'entraînement
itm_practice_arrows_2|Flèches d'entraînement
itm_practice_arrows_2_pl|Flèches d'entraînement
itm_plate_boots|Bottes de Plates
itm_plate_boots_pl|Bottes de Plates
itm_mail_boots_for_tableau|Bottes de mailles
itm_mail_boots_for_tableau_pl|Bottes de mailles
itm_warhorse_sarranid|Cheval de guerre Sarranide
itm_warhorse_sarranid_pl|Cheval de guerre Sarranide
itm_warhorse_steppe|Percheron des steppes
itm_warhorse_steppe_pl|Percheron des steppes
itm_items_end|Fin des objets
itm_items_end_pl|Fin des objets
